,Position X (m),Position Y (m),Position Z (m),Pitch (degrees),Yaw (degrees),Row (degrees),Aggregated Absolute Delta Z (m),Vx (cm/s),Vy (cm/s),Vz (cm/s),Ax (cm/s),Ay (cm/s),Az (cm/s),Steering,Throttle,HandBrake,Brake,OutOfBounds
Jun 4 2024 11:16:24:67 AM,37606.070312,-49438.230469,5010.549805,0.0,0.0,0.0,0.0,0.0,0.0,-149.356003,0.0,0.0,-1494.0,0.0,0.0,0.0,0.0,true
Jun 4 2024 11:16:24:67 AM,37606.070312,-49438.230469,5010.549805,0.0,0.0,0.0,0.0,0.0,0.0,-149.356003,0.0,0.0,0.0,0.0,0.0,0.0,0.0,true
Jun 4 2024 11:16:24:67 AM,37606.070312,-49438.230469,5010.549805,0.0,0.0,0.0,0.0,0.0,0.0,-149.356003,0.0,0.0,0.0,0.0,0.0,0.0,0.0,true
Jun 4 2024 11:16:24:514 AM,37606.070312,-49438.230469,4989.909668,0.0,0.0,0.0,20.641001,0.0,0.0,-247.149017,0.0,0.0,-978.0,0.0,0.0,0.0,0.0,true
Jun 4 2024 11:16:24:514 AM,37606.070312,-49438.230469,4989.909668,0.0,0.0,0.0,20.641001,0.0,0.0,-247.149017,0.0,0.0,0.0,0.0,0.0,0.0,0.0,true
Jun 4 2024 11:16:24:514 AM,37606.070312,-49438.230469,4989.909668,0.0,0.0,0.0,20.641001,0.0,0.0,-247.149017,0.0,0.0,0.0,0.0,0.0,0.0,0.0,true
Jun 4 2024 11:16:24:514 AM,37606.070312,-49438.230469,4989.909668,0.0,0.0,0.0,20.641001,0.0,0.0,-247.149017,0.0,0.0,0.0,0.0,0.0,0.0,0.0,true
Jun 4 2024 11:16:24:636 AM,37606.070312,-49438.230469,4952.089844,0.0,0.0,0.0,58.465004,0.0,0.0,-365.437012,0.0,0.0,-1183.0,0.0,0.0,0.0,0.0,true
Jun 4 2024 11:16:24:728 AM,37604.007812,-49438.808594,4921.5,-2.0,0.0,1.0,89.057007,16.088001,21.413,-225.214005,161.0,214.0,1402.0,0.0,0.0,0.0,0.0,true
Jun 4 2024 11:16:24:814 AM,37602.578125,-49438.527344,4910.290039,-3.0,0.0,2.0,100.260002,3.482,8.735001,-69.774002,-126.0,-127.0,1554.0,0.0,0.0,0.0,0.0,true
Jun 4 2024 11:16:24:918 AM,37602.378906,-49438.007812,4907.949707,-3.0,0.0,2.0,102.606003,-1.482,1.575,0.225,-50.0,-72.0,700.0,0.0,0.0,0.0,0.0,true
Jun 4 2024 11:16:25:25 AM,37602.46875,-49438.109375,4908.709961,-3.0,0.0,2.0,103.370003,0.416,2.0,9.822001,19.0,4.0,96.0,0.0,0.0,0.0,0.0,true
Jun 4 2024 11:16:25:128 AM,37602.527344,-49438.167969,4909.719727,-3.0,0.0,2.0,104.376007,0.695,1.733,9.678,3.0,-3.0,-1.0,0.0,0.0,0.0,0.0,true
Jun 4 2024 11:16:25:220 AM,37602.558594,-49438.230469,4910.489746,-3.0,0.0,2.0,105.145004,0.602,1.217,6.803,-1.0,-5.0,-29.0,0.0,0.0,0.0,0.0,true
Jun 4 2024 11:16:25:340 AM,37602.578125,-49438.289062,4911.149902,-3.0,0.0,2.0,105.803001,0.415,0.662,4.661,-2.0,-6.0,-21.0,0.0,0.0,0.0,0.0,true
Jun 4 2024 11:16:25:423 AM,37602.578125,-49438.328125,4911.449707,-3.0,0.0,2.0,106.111008,0.289,0.248,2.939,-1.0,-4.0,-17.0,0.0,0.0,0.0,0.0,true
Jun 4 2024 11:16:25:518 AM,37602.597656,-49438.367188,4911.689941,-3.0,0.0,2.0,106.353004,0.172,0.254,1.544,-1.0,0.0,-14.0,0.0,0.0,0.0,0.0,true
Jun 4 2024 11:16:25:618 AM,37602.597656,-49438.417969,4911.859863,-3.0,0.0,2.0,106.519005,0.171,-0.208,1.692,0.0,-5.0,1.0,0.0,0.0,0.0,0.0,true
Jun 4 2024 11:16:25:729 AM,37602.597656,-49438.457031,4911.969727,-3.0,0.0,2.0,106.630005,0.109,-0.166,0.87,-1.0,0.0,-8.0,0.0,0.0,0.0,0.0,true
Jun 4 2024 11:16:25:822 AM,37602.589844,-49438.449219,4912.029785,-3.0,0.0,2.0,106.690002,0.036,-0.109,-0.003,-1.0,1.0,-9.0,0.0,0.0,0.0,0.0,true
Jun 4 2024 11:16:25:929 AM,37602.589844,-49438.449219,4912.060059,-3.0,0.0,2.0,106.723007,0.023,-0.037,0.273,0.0,1.0,3.0,0.0,0.0,0.0,0.0,true
Jun 4 2024 11:16:26:26 AM,37602.589844,-49438.449219,4912.100098,-3.0,0.0,2.0,106.757004,0.03,-0.062,0.229,0.0,0.0,0.0,0.0,0.0,0.0,0.0,true
Jun 4 2024 11:16:26:125 AM,37602.589844,-49438.4375,4912.100098,-3.0,0.0,2.0,106.760002,0.01,-0.11,-0.176,0.0,0.0,-4.0,0.0,0.0,0.0,0.0,true
Jun 4 2024 11:16:26:221 AM,37602.589844,-49438.4375,4912.120117,-3.0,0.0,2.0,106.786003,0.045,-0.02,0.361,0.0,1.0,5.0,0.0,1.0,0.0,0.0,true
Jun 4 2024 11:16:26:312 AM,37602.730469,-49438.449219,4912.139648,-3.0,0.0,2.0,106.804008,3.343,-0.25,0.048,33.0,-2.0,-3.0,0.0,1.0,0.0,0.0,true
Jun 4 2024 11:16:26:432 AM,37604.757812,-49438.5,4912.060059,-3.0,0.0,2.0,106.881004,25.582001,-0.424,-1.322,222.0,-2.0,-14.0,0.0,1.0,0.0,0.0,true
Jun 4 2024 11:16:26:517 AM,37608.269531,-49438.519531,4911.899902,-3.0,0.0,2.0,107.039001,49.622002,-0.488,-2.699,240.0,-1.0,-14.0,0.0,1.0,0.0,0.0,true
Jun 4 2024 11:16:26:628 AM,37617.96875,-49438.578125,4911.469727,-2.0,0.0,2.0,107.477005,104.994003,-0.352,-6.275,554.0,1.0,-36.0,0.0,1.0,0.0,0.0,true
Jun 4 2024 11:16:26:719 AM,37629.988281,-49438.578125,4910.839844,-2.0,0.0,2.0,108.098007,143.877014,-0.269,-8.671,389.0,1.0,-24.0,0.0,1.0,0.0,0.0,true
Jun 4 2024 11:16:26:825 AM,37648.359375,-49438.589844,4909.899902,-2.0,0.0,2.0,109.040009,187.118011,-0.371,-10.644,432.0,-1.0,-20.0,0.0,1.0,0.0,0.0,true
Jun 4 2024 11:16:26:921 AM,37668.167969,-49438.609375,4908.879883,-2.0,0.0,2.0,110.068008,223.828018,-0.324,-11.887001,367.0,0.0,-12.0,0.0,0.0,0.0,0.0,true
Jun 4 2024 11:16:27:14 AM,37690.558594,-49438.640625,4907.689941,-2.0,0.0,2.0,111.247002,249.043015,-0.468,-13.053,252.0,-1.0,-12.0,0.0,0.0,0.0,0.0,true
Jun 4 2024 11:16:27:132 AM,37720.277344,-49438.667969,4906.080078,-2.0,0.0,2.0,112.860008,257.139008,-0.858,-13.439001,81.0,-4.0,-4.0,0.0,0.0,0.0,0.0,true
Jun 4 2024 11:16:27:232 AM,37745.257812,-49438.800781,4904.72998,-2.0,0.0,2.0,114.213005,253.900009,-1.716,-12.732,-32.0,-9.0,7.0,0.0,0.0,0.0,0.0,true
Jun 4 2024 11:16:27:318 AM,37766.25,-49438.917969,4903.600098,-2.0,0.0,2.0,115.339005,247.960007,-1.3,-12.952001,-59.0,4.0,-2.0,0.0,0.0,0.0,0.0,true
Jun 4 2024 11:16:27:422 AM,37791.539062,-49439.078125,4902.149902,-3.0,0.0,2.0,116.788002,238.775009,-0.772,-13.112,-92.0,5.0,-2.0,0.0,0.0,0.0,0.0,true
Jun 4 2024 11:16:27:526 AM,37815.070312,-49439.167969,4900.850098,-3.0,0.0,2.0,118.094009,228.311005,-1.282,-11.911,-105.0,-5.0,12.0,0.0,0.0,0.0,0.0,true
Jun 4 2024 11:16:27:613 AM,37834.371094,-49439.238281,4899.919922,-3.0,0.0,2.0,119.019005,218.921005,-1.995,-9.72,-94.0,-7.0,22.0,0.0,0.0,0.0,0.0,true
Jun 4 2024 11:16:27:714 AM,37855.578125,-49439.308594,4898.969727,-3.0,0.0,2.0,119.977005,208.402008,-2.404,-9.599001,-105.0,-4.0,1.0,0.0,0.0,0.0,0.0,true
Jun 4 2024 11:16:27:825 AM,37877.878906,-49439.4375,4897.949707,-3.0,0.0,2.0,120.995003,197.795013,-1.739,-9.073,-106.0,7.0,5.0,0.0,0.0,0.0,0.0,true
Jun 4 2024 11:16:27:916 AM,37895.539062,-49439.527344,4897.069824,-3.0,0.0,2.0,121.870003,189.379013,-1.398,-9.214001,-84.0,3.0,-1.0,0.0,0.0,0.0,0.0,true
Jun 4 2024 11:16:28:20 AM,37914.308594,-49439.628906,4896.189941,-3.0,0.0,2.0,122.757004,180.603012,-1.154,-8.171,-88.0,2.0,10.0,0.0,0.0,0.0,0.0,true
Jun 4 2024 11:16:28:121 AM,37932.109375,-49439.71875,4895.359863,-3.0,0.0,2.0,123.587006,172.412003,-1.064,-8.044001,-82.0,1.0,1.0,0.0,0.0,0.0,0.0,true
Jun 4 2024 11:16:28:220 AM,37949.078125,-49439.789062,4894.549805,-3.0,0.0,2.0,124.394005,164.763,-0.953,-7.907001,-76.0,1.0,1.0,0.0,0.0,0.0,0.0,true
Jun 4 2024 11:16:28:317 AM,37964.777344,-49439.898438,4893.72998,-3.0,0.0,2.0,125.209007,158.591003,0.142,-8.854,-62.0,11.0,-9.0,0.0,0.0,0.0,0.0,true
Jun 4 2024 11:16:28:442 AM,37983.359375,-49439.988281,4892.609863,-3.0,0.0,2.0,126.331009,151.474014,0.594,-8.532001,-71.0,5.0,3.0,0.0,0.0,0.0,0.0,true
Jun 4 2024 11:16:28:521 AM,37995.589844,-49439.988281,4891.989746,-3.0,0.0,2.0,126.951004,146.170013,0.12,-6.995,-53.0,-5.0,15.0,0.0,0.0,0.0,0.0,true
Jun 4 2024 11:16:28:616 AM,38009.167969,-49440.0,4891.350098,-3.0,0.0,2.0,127.596008,140.377014,-0.119,-6.845,-58.0,-2.0,1.0,0.0,0.0,0.0,0.0,true
Jun 4 2024 11:16:28:718 AM,38023.179688,-49440.007812,4890.669922,-3.0,0.0,2.0,128.270004,135.022003,0.375,-7.401,-54.0,5.0,-6.0,0.0,0.0,0.0,0.0,true
Jun 4 2024 11:16:28:814 AM,38036.128906,-49440.019531,4889.989746,-3.0,0.0,2.0,128.958008,130.51001,1.053,-7.608,-45.0,7.0,-2.0,0.0,0.0,0.0,0.0,true
Jun 4 2024 11:16:28:914 AM,38048.910156,-49440.019531,4889.290039,-3.0,0.0,2.0,129.64801,126.216003,1.323,-7.12,-43.0,3.0,5.0,0.0,0.0,0.0,0.0,true
Jun 4 2024 11:16:29:16 AM,38061.800781,-49440.0,4888.609863,-3.0,0.0,2.0,130.334,121.577003,0.979,-6.171,-46.0,-3.0,9.0,0.0,0.0,0.0,0.0,true
Jun 4 2024 11:16:29:119 AM,38074.167969,-49439.957031,4888.009766,-3.0,0.0,3.0,130.932999,116.914009,0.488,-5.902,-47.0,-5.0,3.0,0.0,0.0,0.0,0.0,true
Jun 4 2024 11:16:29:231 AM,38086.75,-49439.917969,4887.469727,-3.0,0.0,3.0,131.473999,112.323006,0.272,-4.715,-46.0,-2.0,12.0,0.0,0.0,0.0,0.0,true
Jun 4 2024 11:16:29:322 AM,38096.757812,-49439.867188,4887.02002,-3.0,0.0,2.0,131.917999,108.754005,0.281,-4.569,-36.0,0.0,1.0,0.0,0.0,0.0,0.0,true
Jun 4 2024 11:16:29:424 AM,38107.898438,-49439.808594,4886.540039,-3.0,0.0,2.0,132.404999,104.908005,0.273,-4.35,-38.0,0.0,2.0,0.0,0.0,0.0,0.0,true
Jun 4 2024 11:16:29:527 AM,38118.179688,-49439.757812,4886.080078,-3.0,0.0,2.0,132.862,101.455002,0.324,-4.775,-35.0,1.0,-4.0,0.0,0.0,0.0,0.0,true
Jun 4 2024 11:16:29:624 AM,38128.308594,-49439.699219,4885.620117,-3.0,0.0,2.0,133.326004,98.196007,0.417,-4.611,-33.0,1.0,2.0,0.0,0.0,0.0,0.0,true
Jun 4 2024 11:16:29:717 AM,38137.128906,-49439.648438,4885.209961,-3.0,0.0,2.0,133.731003,95.458008,0.447,-4.426,-27.0,0.0,2.0,0.0,0.0,0.0,0.0,true
Jun 4 2024 11:16:29:822 AM,38147.199219,-49439.589844,4884.790039,-3.0,0.0,2.0,134.149002,92.380005,0.477,-4.767,-31.0,0.0,-3.0,0.0,0.0,0.0,0.0,true
Jun 4 2024 11:16:29:930 AM,38156.917969,-49439.539062,4884.359863,-3.0,0.0,2.0,134.57901,89.539001,0.542,-3.657,-28.0,1.0,11.0,0.0,0.0,0.0,0.0,true
Jun 4 2024 11:16:30:18 AM,38164.71875,-49439.480469,4884.02002,-3.0,0.0,2.0,134.920013,87.300003,0.592,-3.936,-22.0,1.0,-3.0,0.0,0.0,0.0,0.0,true
Jun 4 2024 11:16:30:130 AM,38174.230469,-49439.410156,4883.600098,-3.0,0.0,2.0,135.340012,84.710007,0.585,-3.649,-26.0,0.0,3.0,0.0,0.0,0.0,0.0,true
Jun 4 2024 11:16:30:225 AM,38182.21875,-49439.347656,4883.25,-3.0,0.0,2.0,135.688004,82.613007,0.603,-3.562,-21.0,0.0,1.0,0.0,0.0,0.0,0.0,true
Jun 4 2024 11:16:30:326 AM,38190.597656,-49439.277344,4882.889648,-3.0,0.0,2.0,136.056,80.494003,0.599,-3.521,-21.0,0.0,0.0,0.0,0.0,0.0,0.0,true
Jun 4 2024 11:16:30:429 AM,38198.757812,-49439.207031,4882.52002,-3.0,0.0,2.0,136.421005,78.508003,0.624,-3.619,-20.0,0.0,-1.0,0.0,0.0,0.0,0.0,true
Jun 4 2024 11:16:30:530 AM,38206.4375,-49439.128906,4882.189941,-3.0,0.0,2.0,136.757004,76.720001,0.64,-3.461,-18.0,0.0,2.0,0.0,0.0,0.0,0.0,true
Jun 4 2024 11:16:30:632 AM,38214.378906,-49439.058594,4881.830078,-3.0,0.0,2.0,137.114014,74.947006,0.674,-3.438,-18.0,0.0,0.0,0.0,0.0,0.0,0.0,true
Jun 4 2024 11:16:30:720 AM,38220.871094,-49439.007812,4881.52002,-3.0,0.0,2.0,137.422012,74.278,1.16,-3.864,-7.0,5.0,-4.0,0.0,0.0,0.0,0.0,true
Jun 4 2024 11:16:30:825 AM,38228.070312,-49438.9375,4881.080078,-3.0,0.0,3.0,137.868011,66.532005,1.885,-3.973,-77.0,7.0,-1.0,0.0,1.0,0.0,0.0,true
Jun 4 2024 11:16:30:917 AM,38234.328125,-49438.898438,4880.689941,-3.0,0.0,3.0,138.256012,73.745003,2.305,-4.714,72.0,4.0,-7.0,0.0,1.0,0.0,0.0,true
Jun 4 2024 11:16:31:21 AM,38244.398438,-49439.148438,4880.139648,-2.0,0.0,3.0,138.800003,106.982002,-1.402,-7.01,332.0,-37.0,-23.0,-1.0,0.0,0.0,0.0,true
Jun 4 2024 11:16:31:133 AM,38257.71875,-49440.597656,4879.620117,-2.0,-1.0,3.0,139.322006,120.152008,-13.295001,-4.665,132.0,-119.0,23.0,-1.0,0.0,0.0,1.0,true
Jun 4 2024 11:16:31:215 AM,38266.128906,-49441.429688,4879.27002,-2.0,-1.0,3.0,139.677002,80.866005,-7.027,-2.911,-393.0,63.0,18.0,0.0,0.0,0.0,1.0,true
Jun 4 2024 11:16:31:317 AM,38267.871094,-49441.4375,4879.040039,-3.0,-1.0,3.0,139.901001,10.42,-1.375,-0.113,-704.0,57.0,28.0,0.0,0.0,0.0,1.0,true
Jun 4 2024 11:16:31:433 AM,38267.757812,-49441.367188,4879.029785,-3.0,-1.0,3.0,139.910004,-9.491,0.492,0.532,-199.0,19.0,6.0,0.0,0.0,0.0,1.0,true
Jun 4 2024 11:16:31:516 AM,38266.1875,-49441.289062,4879.089844,-3.0,-1.0,3.0,139.972,-24.469002,1.163,1.297,-150.0,7.0,8.0,0.0,0.0,0.0,1.0,true
Jun 4 2024 11:16:31:614 AM,38261.820312,-49441.128906,4879.27002,-3.0,-1.0,3.0,140.146011,-58.274002,2.045,1.772,-338.0,9.0,5.0,0.0,0.0,0.0,1.0,true
Jun 4 2024 11:16:31:734 AM,38251.460938,-49440.828125,4879.679688,-4.0,-1.0,3.0,140.560013,-96.101006,2.838,3.96,-378.0,8.0,22.0,0.0,0.0,0.0,1.0,true
Jun 4 2024 11:16:31:823 AM,38243.058594,-49440.589844,4880.060059,-3.0,-1.0,3.0,140.934006,-100.670006,2.9,4.299,-46.0,1.0,3.0,0.0,0.0,0.0,1.0,true
Jun 4 2024 11:16:31:915 AM,38234.007812,-49440.339844,4880.560059,-3.0,-1.0,3.0,141.434006,-97.801003,1.449,5.654,29.0,-15.0,14.0,0.0,0.0,0.0,1.0,true
Jun 4 2024 11:16:32:16 AM,38224.898438,-49440.078125,4881.139648,-3.0,-1.0,3.0,142.021011,-91.031006,0.63,5.807,68.0,-8.0,2.0,0.0,0.0,0.0,1.0,true
Jun 4 2024 11:16:32:131 AM,38215.277344,-49439.828125,4881.790039,-3.0,-1.0,3.0,142.664001,-81.199005,0.307,5.621,98.0,-3.0,-2.0,0.0,0.0,0.0,1.0,true
Jun 4 2024 11:16:32:235 AM,38207.699219,-49439.648438,4882.239746,-3.0,-1.0,2.0,143.115005,-73.817001,1.014,3.784,74.0,7.0,-18.0,0.0,0.0,0.0,1.0,true
Jun 4 2024 11:16:32:323 AM,38201.488281,-49439.5,4882.549805,-3.0,-1.0,2.0,143.430008,-67.235001,1.261,3.01,66.0,2.0,-8.0,0.0,0.0,0.0,1.0,true
Jun 4 2024 11:16:32:427 AM,38195.121094,-49439.359375,4882.850098,-3.0,-1.0,2.0,143.729004,-59.858002,1.24,2.679,74.0,0.0,-3.0,0.0,0.0,0.0,1.0,true
Jun 4 2024 11:16:32:520 AM,38189.898438,-49439.238281,4883.069824,-3.0,-1.0,2.0,143.944,-53.380001,1.153,1.875,65.0,-1.0,-8.0,0.0,0.0,0.0,1.0,true
Jun 4 2024 11:16:32:626 AM,38184.660156,-49439.109375,4883.299805,-3.0,-1.0,2.0,144.181,-46.354004,1.002,1.966,70.0,-2.0,1.0,0.0,0.0,0.0,1.0,true
Jun 4 2024 11:16:32:716 AM,38180.789062,-49439.007812,4883.469727,-3.0,-1.0,2.0,144.343002,-40.778004,0.895,1.677,56.0,-1.0,-3.0,0.0,0.0,0.0,1.0,true
Jun 4 2024 11:16:32:816 AM,38177.109375,-49438.917969,4883.620117,-3.0,-1.0,2.0,144.494003,-35.035,0.821,1.533,57.0,-1.0,-1.0,0.0,0.0,0.0,1.0,true
Jun 4 2024 11:16:32:944 AM,38173.109375,-49438.820312,4883.77002,-3.0,-1.0,2.0,144.651001,-28.099001,0.654,0.912,69.0,-2.0,-6.0,0.0,0.0,0.0,1.0,true
Jun 4 2024 11:16:33:32 AM,38170.789062,-49438.757812,4883.879883,-3.0,-1.0,2.0,144.758011,-23.513,0.58,1.258,46.0,-1.0,3.0,0.0,0.0,0.0,1.0,true
Jun 4 2024 11:16:33:122 AM,38168.890625,-49438.707031,4883.969727,-3.0,-1.0,2.0,144.845001,-19.27,0.403,1.126,42.0,-2.0,-1.0,0.0,0.0,0.0,1.0,true
Jun 4 2024 11:16:33:228 AM,38167.128906,-49438.679688,4884.040039,-3.0,-1.0,2.0,144.91301,-14.608001,0.227,0.791,47.0,-2.0,-3.0,0.0,0.0,0.0,1.0,true
Jun 4 2024 11:16:33:328 AM,38165.847656,-49438.660156,4884.100098,-3.0,-1.0,2.0,144.981003,-10.334001,0.15,0.629,43.0,-1.0,-2.0,0.0,0.0,0.0,1.0,true
Jun 4 2024 11:16:33:418 AM,38165.597656,-49438.648438,4884.120117,-3.0,-1.0,2.0,144.999008,-0.254,-0.041,-0.711,101.0,-2.0,-13.0,0.0,0.0,0.0,1.0,true
Jun 4 2024 11:16:33:530 AM,38165.578125,-49438.648438,4884.109863,-3.0,-1.0,2.0,145.008011,0.481,0.011,0.196,7.0,1.0,9.0,0.0,0.0,0.0,1.0,true
Jun 4 2024 11:16:33:626 AM,38165.539062,-49438.660156,4884.089844,-3.0,-1.0,2.0,145.026001,0.492,0.018,-0.161,0.0,0.0,-4.0,0.0,0.0,0.0,1.0,true
Jun 4 2024 11:16:33:732 AM,38165.507812,-49438.660156,4884.089844,-3.0,-1.0,2.0,145.031006,0.39,0.002,0.039,-1.0,0.0,2.0,0.0,0.0,0.0,1.0,true
Jun 4 2024 11:16:33:831 AM,38165.488281,-49438.660156,4884.089844,-3.0,-1.0,2.0,145.035004,0.14,-0.014,-0.061,-2.0,0.0,-1.0,0.0,0.0,0.0,1.0,true
Jun 4 2024 11:16:33:923 AM,38165.460938,-49438.660156,4884.089844,-3.0,-1.0,2.0,145.036011,0.198,-0.012,-0.003,1.0,0.0,1.0,0.0,0.0,0.0,1.0,true
Jun 4 2024 11:16:34:28 AM,38165.429688,-49438.660156,4884.080078,-3.0,-1.0,2.0,145.044006,0.183,-0.034,0.07,0.0,0.0,1.0,0.0,0.0,0.0,1.0,true
Jun 4 2024 11:16:34:119 AM,38165.417969,-49438.660156,4884.069824,-3.0,-1.0,2.0,145.056,0.144,-0.006,0.247,0.0,0.0,2.0,0.0,0.0,0.0,1.0,true
Jun 4 2024 11:16:34:220 AM,38165.398438,-49438.648438,4884.060059,-3.0,-1.0,2.0,145.068008,0.008,-0.026,-0.8,-1.0,0.0,-10.0,0.0,0.0,0.0,1.0,true
Jun 4 2024 11:16:34:318 AM,38165.398438,-49438.648438,4884.060059,-3.0,-1.0,2.0,145.068008,0.082,-0.003,0.461,1.0,0.0,13.0,0.0,0.0,0.0,1.0,true
Jun 4 2024 11:16:34:418 AM,38165.390625,-49438.648438,4884.060059,-3.0,-1.0,2.0,145.073013,0.065,0.009,0.286,0.0,0.0,-2.0,0.0,0.0,0.0,1.0,true
Jun 4 2024 11:16:34:522 AM,38165.378906,-49438.648438,4884.049805,-3.0,-1.0,2.0,145.086014,0.026,-0.006,-0.464,0.0,0.0,-7.0,0.0,0.0,0.0,1.0,true
Jun 4 2024 11:16:34:618 AM,38165.378906,-49438.648438,4884.069824,-3.0,-1.0,2.0,145.112,0.0,0.0,0.0,0.0,0.0,5.0,0.0,0.0,0.0,1.0,true
Jun 4 2024 11:16:34:728 AM,38165.378906,-49438.648438,4884.080078,-3.0,-1.0,2.0,145.117004,0.028,0.005,0.08,0.0,0.0,1.0,0.0,0.0,0.0,1.0,true
Jun 4 2024 11:16:34:821 AM,38165.371094,-49438.640625,4884.040039,-3.0,-1.0,2.0,145.157013,0.021,-0.006,-0.198,0.0,0.0,-3.0,0.0,0.0,0.0,1.0,true
Jun 4 2024 11:16:34:914 AM,38165.371094,-49438.640625,4884.060059,-3.0,-1.0,2.0,145.181,0.032,0.013,0.356,0.0,0.0,6.0,0.0,0.0,0.0,1.0,true
Jun 4 2024 11:16:35:28 AM,38165.371094,-49438.648438,4884.069824,-3.0,-1.0,2.0,145.192001,0.016,0.018,0.118,0.0,0.0,-2.0,0.0,0.0,0.0,1.0,true
Jun 4 2024 11:16:35:117 AM,38165.371094,-49438.640625,4884.060059,-3.0,-1.0,2.0,145.20401,0.011,-0.006,-0.199,0.0,0.0,-3.0,0.0,0.0,0.0,1.0,true
Jun 4 2024 11:16:35:227 AM,38165.359375,-49438.640625,4884.069824,-3.0,-1.0,2.0,145.212006,0.024,0.012,0.249,0.0,0.0,4.0,0.0,0.0,0.0,1.0,true
Jun 4 2024 11:16:35:313 AM,38165.359375,-49438.640625,4884.060059,-3.0,-1.0,2.0,145.221008,-0.004,-0.008,-0.578,0.0,0.0,-8.0,0.0,0.0,0.0,1.0,true
Jun 4 2024 11:16:35:416 AM,38165.359375,-49438.640625,4884.060059,-3.0,-1.0,2.0,145.222,-0.003,0.013,-0.308,0.0,0.0,3.0,0.0,0.0,0.0,1.0,true
Jun 4 2024 11:16:35:518 AM,38165.359375,-49438.640625,4884.060059,-3.0,-1.0,2.0,145.225006,0.021,0.008,0.22,0.0,0.0,5.0,0.0,0.0,0.0,1.0,true
Jun 4 2024 11:16:35:621 AM,38165.359375,-49438.640625,4884.069824,-3.0,-1.0,2.0,145.227005,0.013,0.005,-0.005,0.0,0.0,-2.0,0.0,0.0,0.0,1.0,true
Jun 4 2024 11:16:35:733 AM,38165.359375,-49438.640625,4884.080078,-3.0,-1.0,2.0,145.242004,0.016,0.009,0.134,0.0,0.0,1.0,0.0,0.0,0.0,1.0,true
Jun 4 2024 11:16:35:818 AM,38165.359375,-49438.640625,4884.069824,-3.0,-1.0,2.0,145.249008,0.02,0.01,0.179,0.0,0.0,0.0,0.0,0.0,0.0,1.0,true
Jun 4 2024 11:16:35:935 AM,38165.359375,-49438.640625,4884.100098,-3.0,-1.0,2.0,145.277008,0.015,0.016,0.259,0.0,0.0,1.0,0.0,0.0,0.0,1.0,true
Jun 4 2024 11:16:36:16 AM,38165.371094,-49438.640625,4884.109863,-3.0,-1.0,2.0,145.281006,0.007,0.016,0.064,0.0,0.0,-2.0,0.0,0.0,0.0,1.0,true
Jun 4 2024 11:16:36:131 AM,38165.371094,-49438.640625,4884.109863,-3.0,-1.0,2.0,145.284012,0.016,0.013,0.122,0.0,0.0,1.0,0.0,0.0,0.0,1.0,true
Jun 4 2024 11:16:36:218 AM,38165.371094,-49438.640625,4884.100098,-3.0,-1.0,2.0,145.295013,0.01,-0.026,-0.372,0.0,0.0,-5.0,0.0,0.0,0.0,1.0,true
Jun 4 2024 11:16:36:330 AM,38165.371094,-49438.640625,4884.100098,-3.0,-1.0,2.0,145.300003,0.007,0.002,-0.146,0.0,0.0,2.0,0.0,0.0,0.0,1.0,true
Jun 4 2024 11:16:36:414 AM,38165.359375,-49438.640625,4884.080078,-3.0,-1.0,2.0,145.323013,-0.002,-0.016,-0.526,0.0,0.0,-4.0,0.0,0.0,0.0,1.0,true
Jun 4 2024 11:16:36:518 AM,38165.359375,-49438.640625,4884.080078,-3.0,-1.0,2.0,145.326004,0.018,0.006,0.099,0.0,0.0,6.0,0.0,0.0,0.0,1.0,true
Jun 4 2024 11:16:36:623 AM,38165.359375,-49438.640625,4884.089844,-3.0,-1.0,2.0,145.330002,0.013,0.001,-0.009,0.0,0.0,-1.0,0.0,0.0,0.0,1.0,true
Jun 4 2024 11:16:36:734 AM,38165.359375,-49438.640625,4884.080078,-3.0,-1.0,2.0,145.334,0.009,0.002,-0.056,0.0,0.0,0.0,0.0,0.0,0.0,1.0,true
Jun 4 2024 11:16:36:827 AM,38165.359375,-49438.640625,4884.080078,-3.0,-1.0,2.0,145.340012,0.019,0.005,0.139,0.0,0.0,2.0,0.0,0.0,0.0,1.0,true
Jun 4 2024 11:16:36:915 AM,38165.359375,-49438.640625,4884.080078,-3.0,-1.0,2.0,145.340012,-0.022,0.01,-0.782,0.0,0.0,-9.0,0.0,0.0,0.0,1.0,true
Jun 4 2024 11:16:37:31 AM,38165.359375,-49438.640625,4884.069824,-3.0,-1.0,2.0,145.34201,0.017,0.011,0.145,0.0,0.0,9.0,0.0,0.0,0.0,1.0,true
Jun 4 2024 11:16:37:118 AM,38165.359375,-49438.640625,4884.069824,-3.0,-1.0,2.0,145.343002,0.021,0.017,0.296,0.0,0.0,2.0,0.0,0.0,0.0,1.0,true
Jun 4 2024 11:16:37:233 AM,38165.359375,-49438.640625,4884.089844,-3.0,-1.0,2.0,145.359009,-0.002,0.026,-0.055,0.0,0.0,-4.0,-0.01,0.0,0.0,1.0,true
Jun 4 2024 11:16:37:329 AM,38165.359375,-49438.640625,4884.080078,-3.0,-1.0,2.0,145.366013,0.013,0.003,-0.08,0.0,0.0,0.0,-0.01,0.0,0.0,1.0,true
Jun 4 2024 11:16:37:413 AM,38165.359375,-49438.640625,4884.080078,-3.0,-1.0,2.0,145.367004,0.006,0.001,-0.19,0.0,0.0,-1.0,-0.01,0.0,0.0,1.0,true
Jun 4 2024 11:16:37:516 AM,38165.359375,-49438.640625,4884.080078,-3.0,-1.0,2.0,145.369003,0.018,0.01,0.18,0.0,0.0,4.0,-0.01,0.0,0.0,1.0,true
Jun 4 2024 11:16:37:622 AM,38165.359375,-49438.640625,4884.089844,-3.0,-1.0,2.0,145.378006,0.035,0.019,0.643,0.0,0.0,5.0,-0.01,0.0,0.0,1.0,true
Jun 4 2024 11:16:37:723 AM,38165.359375,-49438.640625,4884.089844,-3.0,-1.0,2.0,145.382004,0.012,0.005,-0.034,0.0,0.0,-7.0,-0.01,0.0,0.0,1.0,true
Jun 4 2024 11:16:37:817 AM,38165.359375,-49438.640625,4884.100098,-3.0,-1.0,2.0,145.38501,0.016,0.016,0.207,0.0,0.0,2.0,-0.01,0.0,0.0,1.0,true
Jun 4 2024 11:16:37:917 AM,38165.359375,-49438.640625,4884.069824,-3.0,-1.0,2.0,145.41301,0.014,0.001,-0.041,0.0,0.0,-2.0,-0.01,0.0,0.0,1.0,true
Jun 4 2024 11:16:38:15 AM,38165.359375,-49438.640625,4884.069824,-3.0,-1.0,2.0,145.416,0.014,0.007,0.07,0.0,0.0,1.0,-0.01,0.0,0.0,1.0,true
Jun 4 2024 11:16:38:120 AM,38165.359375,-49438.640625,4884.069824,-3.0,-1.0,2.0,145.416,0.011,0.012,0.054,0.0,0.0,0.0,-0.01,0.0,0.0,1.0,true
Jun 4 2024 11:16:38:220 AM,38165.359375,-49438.640625,4884.049805,-3.0,-1.0,2.0,145.435013,0.011,0.0,-0.09,0.0,0.0,-1.0,-0.01,0.0,0.0,1.0,true
Jun 4 2024 11:16:38:330 AM,38165.359375,-49438.640625,4884.080078,-3.0,-1.0,2.0,145.463013,0.019,0.022,0.316,0.0,0.0,4.0,-0.01,0.0,0.0,1.0,true
Jun 4 2024 11:16:38:419 AM,38165.359375,-49438.640625,4884.080078,-3.0,-1.0,2.0,145.465012,-0.013,0.012,-0.405,0.0,0.0,-7.0,-0.01,0.0,0.0,1.0,true
Jun 4 2024 11:16:38:522 AM,38165.359375,-49438.640625,4884.089844,-3.0,-1.0,2.0,145.475006,0.015,0.007,0.058,0.0,0.0,5.0,-0.01,0.0,0.0,1.0,true
Jun 4 2024 11:16:38:617 AM,38165.359375,-49438.640625,4884.069824,-3.0,-1.0,2.0,145.490005,0.003,0.011,-0.181,0.0,0.0,-2.0,-0.01,0.0,0.0,1.0,true
Jun 4 2024 11:16:38:729 AM,38165.359375,-49438.640625,4884.089844,-3.0,-1.0,2.0,145.503006,0.025,0.005,0.298,0.0,0.0,5.0,-0.01,0.0,0.0,1.0,true
Jun 4 2024 11:16:38:814 AM,38165.359375,-49438.640625,4884.080078,-3.0,-1.0,2.0,145.51001,0.0,0.0,0.0,0.0,0.0,-3.0,-0.01,0.0,0.0,1.0,true
Jun 4 2024 11:16:38:924 AM,38165.359375,-49438.640625,4884.069824,-3.0,-1.0,2.0,145.521011,0.01,0.011,0.014,0.0,0.0,0.0,-0.01,0.0,0.0,1.0,true
Jun 4 2024 11:16:39:23 AM,38165.359375,-49438.640625,4884.060059,-3.0,-1.0,2.0,145.526001,0.004,0.011,-0.13,0.0,0.0,-1.0,-0.01,0.0,0.0,1.0,true
Jun 4 2024 11:16:39:117 AM,38165.359375,-49438.640625,4884.060059,-3.0,-1.0,2.0,145.526001,0.008,0.013,-0.025,0.0,0.0,1.0,-0.01,0.0,0.0,1.0,true
Jun 4 2024 11:16:39:225 AM,38165.359375,-49438.640625,4884.080078,-3.0,-1.0,2.0,145.541,0.0,0.0,0.0,0.0,0.0,0.0,-0.01,0.0,0.0,1.0,true
Jun 4 2024 11:16:39:320 AM,38165.359375,-49438.640625,4884.060059,-3.0,-1.0,2.0,145.562012,-0.011,-0.003,-0.57,0.0,0.0,-6.0,-0.01,0.0,0.0,1.0,true
Jun 4 2024 11:16:39:432 AM,38165.359375,-49438.640625,4884.049805,-3.0,-1.0,2.0,145.568008,0.032,0.024,0.57,0.0,0.0,11.0,-0.01,0.0,0.0,1.0,true
Jun 4 2024 11:16:39:529 AM,38165.359375,-49438.640625,4884.069824,-3.0,-1.0,2.0,145.591003,0.01,0.021,0.178,0.0,0.0,-4.0,-0.01,0.0,0.0,1.0,true
Jun 4 2024 11:16:39:627 AM,38165.359375,-49438.640625,4884.060059,-3.0,-1.0,2.0,145.602005,-0.01,-0.009,-0.594,0.0,0.0,-8.0,-0.01,0.0,0.0,1.0,true
Jun 4 2024 11:16:39:723 AM,38165.359375,-49438.640625,4884.040039,-3.0,-1.0,2.0,145.621002,0.012,-0.003,-0.099,0.0,0.0,5.0,0.0,0.0,0.0,1.0,true
Jun 4 2024 11:16:39:816 AM,38165.359375,-49438.640625,4884.069824,-3.0,-1.0,2.0,145.643005,0.016,0.018,0.214,0.0,0.0,3.0,0.0,0.0,0.0,1.0,true
Jun 4 2024 11:16:39:917 AM,38165.359375,-49438.640625,4884.049805,-3.0,-1.0,2.0,145.659012,0.007,0.0,-0.142,0.0,0.0,-4.0,0.0,0.0,0.0,1.0,true
Jun 4 2024 11:16:40:13 AM,38165.359375,-49438.640625,4884.049805,-3.0,-1.0,2.0,145.661011,0.02,0.006,0.16,0.0,0.0,3.0,0.0,0.0,0.0,1.0,true
Jun 4 2024 11:16:40:122 AM,38165.359375,-49438.640625,4884.069824,-3.0,-1.0,2.0,145.681,0.018,0.022,0.377,0.0,0.0,2.0,0.0,0.0,0.0,1.0,true
Jun 4 2024 11:16:40:227 AM,38165.371094,-49438.640625,4884.080078,-3.0,-1.0,2.0,145.690002,0.012,0.013,0.128,0.0,0.0,-2.0,0.0,0.0,0.0,1.0,true
Jun 4 2024 11:16:40:327 AM,38165.371094,-49438.640625,4884.069824,-3.0,-1.0,2.0,145.696014,0.026,0.012,0.345,0.0,0.0,2.0,0.0,0.0,0.0,1.0,true
Jun 4 2024 11:16:40:423 AM,38165.371094,-49438.640625,4884.080078,-3.0,-1.0,2.0,145.707001,0.02,0.015,0.221,0.0,0.0,-1.0,0.0,0.0,0.0,1.0,true
Jun 4 2024 11:16:40:533 AM,38165.371094,-49438.640625,4884.120117,-3.0,-1.0,2.0,145.741013,0.015,0.017,0.305,0.0,0.0,1.0,0.0,0.0,0.0,1.0,true
Jun 4 2024 11:16:40:624 AM,38165.371094,-49438.640625,4884.100098,-3.0,-1.0,2.0,145.752014,0.005,-0.003,-0.305,0.0,0.0,-6.0,0.0,0.0,0.0,1.0,true
Jun 4 2024 11:16:40:727 AM,38165.359375,-49438.640625,4884.080078,-3.0,-1.0,2.0,145.780014,0.009,-0.005,-0.217,0.0,0.0,1.0,0.0,0.0,0.0,1.0,true
Jun 4 2024 11:16:40:812 AM,38165.359375,-49438.640625,4884.069824,-3.0,-1.0,2.0,145.784012,0.015,0.006,0.042,0.0,0.0,3.0,0.0,1.0,0.0,1.0,true
Jun 4 2024 11:16:40:914 AM,38165.398438,-49438.628906,4884.069824,-3.0,-1.0,2.0,145.792007,2.545,0.146,-0.614,25.0,1.0,-7.0,0.0,1.0,0.0,1.0,true
Jun 4 2024 11:16:41:13 AM,38165.847656,-49438.609375,4884.029785,-3.0,-1.0,2.0,145.831009,6.237,0.07,-0.315,37.0,-1.0,3.0,0.0,1.0,0.0,1.0,true
Jun 4 2024 11:16:41:127 AM,38168.949219,-49438.640625,4883.939941,-3.0,-1.0,2.0,145.917007,39.091003,-0.303,-1.804,329.0,-4.0,-15.0,0.0,1.0,0.0,1.0,true
Jun 4 2024 11:16:41:219 AM,38174.359375,-49438.6875,4883.77002,-2.0,-1.0,2.0,146.088013,70.304001,-0.697,-2.508,312.0,-4.0,-7.0,0.0,0.0,0.0,1.0,true
Jun 4 2024 11:16:41:313 AM,38183.910156,-49438.800781,4883.439941,-2.0,-1.0,2.0,146.421005,107.521004,-1.292,-4.506,372.0,-6.0,-20.0,0.0,0.0,0.0,1.0,true
Jun 4 2024 11:16:41:421 AM,38196.300781,-49438.96875,4882.879883,-2.0,-1.0,2.0,146.977005,120.955009,-1.493,-5.197,134.0,-2.0,-7.0,0.0,0.0,0.0,1.0,true
Jun 4 2024 11:16:41:529 AM,38209.398438,-49439.148438,4882.279785,-2.0,-1.0,2.0,147.576004,125.436005,-1.583,-5.628,45.0,-1.0,-4.0,0.0,1.0,0.0,1.0,true
Jun 4 2024 11:16:41:619 AM,38221.21875,-49439.328125,4881.709961,-2.0,-1.0,2.0,148.152008,134.207001,-0.819,-6.997,88.0,8.0,-14.0,0.0,1.0,0.0,1.0,true
Jun 4 2024 11:16:41:715 AM,38235.21875,-49439.558594,4880.889648,-2.0,-1.0,3.0,148.963013,155.150009,0.73,-10.638,209.0,15.0,-36.0,0.0,0.0,0.0,1.0,true
Jun 4 2024 11:16:41:830 AM,38253.9375,-49439.75,4879.819824,-2.0,-1.0,3.0,150.039001,164.468002,0.163,-8.39,93.0,-6.0,22.0,0.0,0.0,0.0,1.0,true
Jun 4 2024 11:16:41:921 AM,38268.929688,-49439.847656,4879.100098,-2.0,-1.0,3.0,150.76001,164.207001,-0.799,-6.808,-3.0,-10.0,16.0,0.0,0.0,0.0,1.0,true
Jun 4 2024 11:16:42:23 AM,38284.871094,-49439.96875,4878.419922,-2.0,-1.0,3.0,151.435013,160.705002,-1.2,-6.31,-35.0,-4.0,5.0,0.0,0.0,0.0,1.0,true
Jun 4 2024 11:16:42:131 AM,38301.800781,-49440.089844,4877.709961,-2.0,-1.0,3.0,152.145004,155.033005,-1.241,-5.978,-57.0,0.0,3.0,0.0,0.0,0.0,1.0,true
Jun 4 2024 11:16:42:225 AM,38315.847656,-49440.1875,4877.120117,-2.0,-1.0,3.0,152.733002,149.508011,-1.149,-5.828,-55.0,1.0,2.0,0.0,0.0,0.0,1.0,true
Jun 4 2024 11:16:42:317 AM,38328.96875,-49440.277344,4876.569824,-3.0,-1.0,3.0,153.285004,133.764008,-0.791,-5.967,-157.0,4.0,-1.0,0.0,0.0,0.0,1.0,true
Jun 4 2024 11:16:42:423 AM,38339.128906,-49440.320312,4876.080078,-3.0,-1.0,3.0,153.77301,60.693005,0.055,-2.28,-731.0,8.0,37.0,0.0,0.0,0.0,1.0,true
Jun 4 2024 11:16:42:519 AM,38340.167969,-49440.277344,4875.899902,-4.0,-1.0,3.0,153.958008,9.958,0.535,-0.026,-507.0,5.0,23.0,0.0,0.0,0.0,1.0,true
Jun 4 2024 11:16:42:616 AM,38341.109375,-49440.21875,4875.870117,-4.0,-1.0,3.0,153.988007,5.325,0.597,0.037,-46.0,1.0,1.0,0.0,0.0,0.0,1.0,true
Jun 4 2024 11:16:42:720 AM,38340.148438,-49440.140625,4875.929688,-3.0,-1.0,3.0,154.05101,-19.975,0.851,0.496,-253.0,3.0,5.0,0.0,0.0,0.0,1.0,true
Jun 4 2024 11:16:42:835 AM,38335.371094,-49440.0,4876.129883,-4.0,-1.0,3.0,154.252014,-66.332001,1.528,2.753,-464.0,7.0,23.0,0.0,0.0,0.0,1.0,true
Jun 4 2024 11:16:42:923 AM,38326.808594,-49439.828125,4876.449707,-4.0,-1.0,3.0,154.56601,-106.811005,2.015,3.668,-405.0,5.0,9.0,0.0,0.0,0.0,1.0,true
Jun 4 2024 11:16:43:18 AM,38314.660156,-49439.589844,4876.909668,-4.0,-1.0,3.0,155.034012,-141.783005,2.513,5.974,-350.0,5.0,23.0,0.0,0.0,0.0,1.0,true
Jun 4 2024 11:16:43:130 AM,38296.769531,-49439.21875,4877.689941,-4.0,-1.0,3.0,155.807007,-179.353012,3.079,8.092,-376.0,6.0,21.0,0.0,0.0,0.0,1.0,true
Jun 4 2024 11:16:43:219 AM,38279.410156,-49438.910156,4878.419922,-4.0,-1.0,3.0,156.536011,-208.740005,3.75,8.714001,-294.0,7.0,6.0,0.0,0.0,0.0,1.0,true
Jun 4 2024 11:16:43:327 AM,38254.039062,-49438.457031,4879.449707,-4.0,-1.0,3.0,157.572006,-245.130005,4.442,9.492001,-364.0,7.0,8.0,0.0,0.0,0.0,1.0,true
Jun 4 2024 11:16:43:420 AM,38229.46875,-49437.96875,4880.560059,-4.0,-1.0,3.0,158.679001,-274.052002,2.394,14.555,-289.0,-20.0,51.0,0.0,0.0,0.0,1.0,true
Jun 4 2024 11:16:43:520 AM,38200.230469,-49437.46875,4882.189941,-4.0,-1.0,2.0,160.307007,-304.497009,1.63,15.768001,-304.0,-8.0,12.0,0.0,0.0,0.0,1.0,true
Jun 4 2024 11:16:43:616 AM,38169.347656,-49437.058594,4883.659668,-4.0,-1.0,2.0,161.779007,-333.83902,3.558,15.224001,-293.0,19.0,-5.0,0.0,0.0,0.0,1.0,true
Jun 4 2024 11:16:43:727 AM,38131.070312,-49436.507812,4885.389648,-4.0,-1.0,2.0,163.507004,-350.076019,4.579,15.276001,-162.0,10.0,1.0,0.0,0.0,0.0,1.0,true
Jun 4 2024 11:16:43:819 AM,38100.179688,-49436.078125,4886.819824,-4.0,-1.0,2.0,164.938004,-346.133026,4.928,15.162001,39.0,3.0,-1.0,0.0,0.0,0.0,1.0,true
Jun 4 2024 11:16:43:916 AM,38067.359375,-49435.597656,4888.370117,-3.0,-1.0,2.0,166.487015,-332.660004,4.869,15.144001,135.0,-1.0,0.0,0.0,0.0,0.0,1.0,true
Jun 4 2024 11:16:44:19 AM,38035.007812,-49435.089844,4890.0,-3.0,-1.0,2.0,168.12001,-312.994019,2.932,16.463001,197.0,-19.0,13.0,0.0,0.0,0.0,1.0,true
Jun 4 2024 11:16:44:129 AM,38002.539062,-49434.640625,4891.799805,-3.0,-1.0,2.0,169.924011,-290.083008,1.973,15.341001,229.0,-10.0,-11.0,0.0,0.0,0.0,1.0,true
Jun 4 2024 11:16:44:231 AM,37973.589844,-49434.289062,4893.310059,-3.0,-1.0,2.0,171.433014,-268.40802,1.976,14.133,217.0,0.0,-12.0,0.0,0.0,0.0,1.0,true
Jun 4 2024 11:16:44:332 AM,37948.039062,-49434.0,4894.790039,-3.0,-1.0,2.0,172.911011,-247.77301,0.188,14.016001,206.0,-18.0,-1.0,0.01,0.0,0.0,1.0,true
Jun 4 2024 11:16:44:428 AM,37925.667969,-49433.828125,4896.009766,-2.0,-1.0,2.0,174.130005,-229.975006,1.274,11.693001,178.0,11.0,-23.0,0.01,0.0,0.0,1.0,true
Jun 4 2024 11:16:44:526 AM,37904.078125,-49433.648438,4897.049805,-2.0,-1.0,2.0,175.167007,-212.122009,1.737,10.822001,179.0,5.0,-9.0,0.01,0.0,0.0,1.0,true
Jun 4 2024 11:16:44:619 AM,37885.058594,-49433.488281,4897.959961,-2.0,-1.0,2.0,176.084015,-196.141006,1.834,8.874001,160.0,1.0,-19.0,0.01,0.0,0.0,1.0,true
Jun 4 2024 11:16:44:718 AM,37866.859375,-49433.339844,4898.830078,-2.0,-1.0,2.0,176.95401,-180.415009,1.854,8.894,157.0,0.0,0.0,0.01,0.0,0.0,1.0,true
Jun 4 2024 11:16:44:816 AM,37849.757812,-49433.199219,4899.649902,-2.0,-1.0,2.0,177.771011,-165.723007,2.165,7.435,147.0,3.0,-15.0,0.01,0.0,0.0,1.0,true
Jun 4 2024 11:16:44:932 AM,37831.738281,-49433.039062,4900.439941,-2.0,-1.0,2.0,178.564011,-150.037003,2.427,6.586,157.0,3.0,-8.0,0.01,0.0,0.0,1.0,true
Jun 4 2024 11:16:45:23 AM,37818.519531,-49432.917969,4901.009766,-2.0,-1.0,2.0,179.131012,-138.233002,2.4,6.042,118.0,0.0,-5.0,0.01,0.0,0.0,1.0,true
Jun 4 2024 11:16:45:122 AM,37805.371094,-49432.800781,4901.560059,-2.0,-1.0,2.0,179.684006,-125.949005,2.06,5.457,123.0,-3.0,-6.0,0.01,0.0,0.0,1.0,true
Jun 4 2024 11:16:45:234 AM,37792.320312,-49432.667969,4902.189941,-2.0,-1.0,2.0,180.309006,-112.945007,1.57,5.868001,130.0,-5.0,4.0,0.01,0.0,0.0,1.0,true
Jun 4 2024 11:16:45:329 AM,37781.980469,-49432.570312,4902.75,-3.0,-1.0,2.0,180.87001,-101.942001,0.84,4.974,110.0,-7.0,-9.0,0.01,0.0,0.0,1.0,true
Jun 4 2024 11:16:45:424 AM,37772.75,-49432.488281,4903.27002,-3.0,-1.0,2.0,181.389008,-91.731003,0.584,4.512,102.0,-3.0,-5.0,0.01,0.0,0.0,1.0,true
Jun 4 2024 11:16:45:527 AM,37764.148438,-49432.417969,4903.77002,-3.0,-1.0,2.0,181.889008,-81.791,0.409,4.552,99.0,-2.0,0.0,0.01,0.0,0.0,1.0,true
Jun 4 2024 11:16:45:621 AM,37756.679688,-49432.359375,4904.199707,-3.0,-1.0,2.0,182.317001,-72.709007,0.323,4.271,91.0,-1.0,-3.0,0.01,0.0,0.0,1.0,true
Jun 4 2024 11:16:45:715 AM,37750.308594,-49432.300781,4904.540039,-3.0,-1.0,2.0,182.659012,-64.567001,0.202,2.993,81.0,-1.0,-13.0,0.01,0.0,0.0,1.0,true
Jun 4 2024 11:16:45:829 AM,37743.5,-49432.25,4904.889648,-3.0,-1.0,2.0,183.013016,-55.741001,0.387,2.231,88.0,2.0,-8.0,0.01,0.0,0.0,1.0,true
Jun 4 2024 11:16:45:924 AM,37738.570312,-49432.21875,4905.139648,-3.0,-1.0,2.0,183.264008,-48.953003,0.407,1.918,68.0,0.0,-3.0,0.01,0.0,0.0,1.0,true
Jun 4 2024 11:16:46:36 AM,37735.019531,-49432.199219,4905.339844,-2.0,-1.0,2.0,183.456009,-20.915001,0.034,0.791,280.0,-4.0,-11.0,0.01,1.0,0.0,1.0,true
Jun 4 2024 11:16:46:116 AM,37734.179688,-49432.207031,4905.389648,-2.0,-1.0,2.0,183.506012,-7.501,-0.077,-0.197,134.0,-1.0,-10.0,0.01,1.0,0.0,1.0,true
Jun 4 2024 11:16:46:228 AM,37734.917969,-49432.238281,4905.359863,-2.0,-1.0,2.0,183.530014,16.785,-0.376,-0.926,243.0,-3.0,-7.0,0.01,1.0,0.0,1.0,true
Jun 4 2024 11:16:46:323 AM,37738.480469,-49432.300781,4905.219727,-2.0,-1.0,2.0,183.667007,49.502003,-0.995,-2.995,327.0,-6.0,-21.0,0.01,1.0,0.0,1.0,true
Jun 4 2024 11:16:46:428 AM,37747.238281,-49432.449219,4904.839844,-2.0,-1.0,2.0,184.049011,101.227005,-1.968,-4.989,517.0,-10.0,-20.0,0.01,1.0,0.0,1.0,true
Jun 4 2024 11:16:46:514 AM,37758.269531,-49432.648438,4904.310059,-2.0,-1.0,2.0,184.585007,138.789001,-2.154,-8.067,376.0,-2.0,-31.0,0.01,1.0,0.0,1.0,true
Jun 4 2024 11:16:46:630 AM,37777.199219,-49432.96875,4903.290039,-2.0,-1.0,2.0,185.603012,184.953003,-2.239,-10.496,462.0,-1.0,-24.0,0.01,1.0,0.0,1.0,true
Jun 4 2024 11:16:46:717 AM,37795.160156,-49433.238281,4902.27002,-2.0,-1.0,2.0,186.62001,219.207016,-2.474,-12.421,343.0,-2.0,-19.0,0.01,1.0,0.0,1.0,true
Jun 4 2024 11:16:46:815 AM,37818.230469,-49433.519531,4901.060059,-2.0,-1.0,2.0,187.834015,254.575012,-3.671,-12.116,354.0,-12.0,3.0,0.01,0.0,0.0,1.0,true
Jun 4 2024 11:16:46:925 AM,37847.378906,-49433.828125,4899.689941,-2.0,-1.0,2.0,189.20401,275.742004,-4.831,-12.707001,212.0,-12.0,-6.0,0.01,0.0,0.0,1.0,true
Jun 4 2024 11:16:47:34 AM,37877.238281,-49434.160156,4898.299805,-2.0,-1.0,2.0,190.590012,273.923004,-4.282,-12.328001,-18.0,5.0,4.0,0.01,0.0,0.0,1.0,true
Jun 4 2024 11:16:47:128 AM,37901.539062,-49434.410156,4897.069824,-3.0,-1.0,2.0,191.820007,250.151016,-3.162,-11.751,-238.0,11.0,6.0,0.01,0.0,0.0,1.0,true
Jun 4 2024 11:16:47:233 AM,37924.078125,-49434.609375,4895.899902,-3.0,-1.0,2.0,192.996002,209.981003,-2.136,-9.994,-402.0,10.0,18.0,0.01,0.0,0.0,1.0,true
Jun 4 2024 11:16:47:320 AM,37940.121094,-49434.738281,4895.02002,-4.0,-1.0,2.0,193.868011,171.192001,-1.516,-8.956,-388.0,6.0,10.0,0.01,0.0,0.0,1.0,true
Jun 4 2024 11:16:47:421 AM,37953.597656,-49434.839844,4894.290039,-4.0,-1.0,2.0,194.601013,113.397003,-0.843,-5.57,-578.0,7.0,34.0,0.01,0.0,0.0,1.0,true
Jun 4 2024 11:16:47:531 AM,37959.871094,-49435.019531,4893.909668,-5.0,-1.0,2.0,194.984009,27.552002,1.604,1.403,-858.0,24.0,70.0,0.01,0.0,0.0,1.0,true
Jun 4 2024 11:16:47:630 AM,37961.859375,-49435.019531,4893.919922,-5.0,-1.0,2.0,194.994003,12.772,0.521,-0.552,-148.0,-11.0,-20.0,0.01,0.0,0.0,1.0,true
Jun 4 2024 11:16:47:718 AM,37962.578125,-49435.027344,4893.879883,-4.0,-1.0,2.0,195.029007,-3.025,-0.171,-0.179,-158.0,-7.0,4.0,0.01,0.0,0.0,1.0,true
Jun 4 2024 11:16:47:825 AM,37960.738281,-49435.039062,4893.949707,-4.0,-1.0,2.0,195.097015,-31.287001,-0.501,0.537,-283.0,-3.0,7.0,0.01,0.0,0.0,1.0,true
Jun 4 2024 11:16:47:930 AM,37956.199219,-49435.039062,4894.169922,-4.0,-1.0,2.0,195.317017,-62.889004,-0.669,3.666,-316.0,-2.0,31.0,0.01,0.0,0.0,1.0,true
Jun 4 2024 11:16:48:21 AM,37948.410156,-49435.027344,4894.580078,-4.0,-1.0,2.0,195.730011,-100.143005,-0.553,5.361,-373.0,1.0,17.0,0.01,0.0,0.0,1.0,true
Jun 4 2024 11:16:48:128 AM,37934.949219,-49435.007812,4895.199707,-4.0,-1.0,2.0,196.347015,-139.104004,0.326,5.739,-390.0,9.0,4.0,0.02,0.0,0.0,1.0,true
Jun 4 2024 11:16:48:214 AM,37921.257812,-49434.957031,4895.810059,-4.0,-1.0,2.0,196.959015,-168.16301,0.805,7.630001,-291.0,5.0,19.0,0.02,0.0,0.0,1.0,true
Jun 4 2024 11:16:48:318 AM,37901.898438,-49434.878906,4896.719727,-4.0,-1.0,2.0,197.869003,-201.671005,1.25,9.239,-335.0,4.0,16.0,0.02,0.0,0.0,1.0,true
Jun 4 2024 11:16:48:415 AM,37880.71875,-49434.769531,4897.75,-4.0,-1.0,2.0,198.892014,-232.724014,1.68,11.034,-311.0,4.0,18.0,0.02,0.0,0.0,1.0,true
Jun 4 2024 11:16:48:515 AM,37855.648438,-49434.609375,4898.959961,-4.0,-1.0,2.0,200.103012,-264.818024,2.345,12.728001,-321.0,7.0,17.0,0.02,0.0,0.0,1.0,true
Jun 4 2024 11:16:48:622 AM,37825.21875,-49434.398438,4900.319824,-4.0,-1.0,2.0,201.471008,-299.556,4.168,12.905001,-347.0,18.0,2.0,0.02,0.0,0.0,1.0,true
Jun 4 2024 11:16:48:718 AM,37794.960938,-49434.109375,4901.699707,-4.0,-1.0,2.0,202.850006,-330.073029,5.101,15.769001,-305.0,9.0,29.0,0.02,0.0,0.0,1.0,true
Jun 4 2024 11:16:48:818 AM,37760.980469,-49433.558594,4903.560059,-4.0,-1.0,2.0,204.710007,-360.351013,3.787,20.202002,-303.0,-13.0,44.0,0.02,0.0,0.0,1.0,true
Jun 4 2024 11:16:48:922 AM,37721.347656,-49433.027344,4905.790039,-4.0,-1.0,2.0,206.933014,-392.907013,5.625,19.943001,-326.0,18.0,-3.0,0.02,0.0,0.0,1.0,true
Jun 4 2024 11:16:49:27 AM,37678.460938,-49432.417969,4907.959961,-4.0,-1.0,2.0,209.110016,-424.805023,7.991,20.712002,-319.0,24.0,8.0,0.02,0.0,0.0,1.0,true
Jun 4 2024 11:16:49:121 AM,37637.460938,-49431.679688,4910.049805,-4.0,-2.0,2.0,211.200012,-452.326019,8.533,24.970001,-275.0,5.0,43.0,0.02,0.0,0.0,1.0,true
Jun 4 2024 11:16:49:226 AM,37586.378906,-49430.617188,4913.0,-4.0,-2.0,2.0,214.145004,-483.604034,8.689,27.931002,-313.0,2.0,30.0,0.02,0.0,0.0,1.0,true
Jun 4 2024 11:16:49:319 AM,37540.328125,-49429.667969,4915.560059,-5.0,-2.0,2.0,216.709015,-510.230011,11.514001,28.911001,-266.0,28.0,10.0,0.02,0.0,0.0,1.0,true
Jun 4 2024 11:16:49:419 AM,37487.300781,-49428.347656,4918.560059,-5.0,-2.0,2.0,219.707016,-533.735046,13.274,30.529001,-235.0,18.0,16.0,0.02,0.0,0.0,1.0,true
Jun 4 2024 11:16:49:531 AM,37428.628906,-49426.808594,4921.929688,-5.0,-2.0,2.0,223.073013,-537.820007,15.950001,29.877001,-41.0,27.0,-7.0,0.02,0.0,0.0,1.0,true
Jun 4 2024 11:16:49:622 AM,37379.300781,-49425.378906,4924.679688,-4.0,-2.0,2.0,225.826004,-525.632996,18.147001,28.745001,122.0,22.0,-11.0,0.02,0.0,0.0,1.0,true
Jun 4 2024 11:16:49:721 AM,37330.21875,-49423.757812,4927.620117,-4.0,-2.0,2.0,228.767014,-503.788025,17.17,29.771002,218.0,-10.0,10.0,0.02,0.0,0.0,1.0,true
Jun 4 2024 11:16:49:819 AM,37283.277344,-49422.1875,4930.449707,-3.0,-3.0,2.0,231.596008,-477.038025,17.929001,28.047001,267.0,8.0,-17.0,0.02,0.0,0.0,1.0,true
Jun 4 2024 11:16:49:918 AM,37237.050781,-49420.449219,4933.22998,-3.0,-3.0,2.0,234.375015,-446.117035,18.833,26.860001,309.0,9.0,-12.0,0.02,0.0,0.0,1.0,true
Jun 4 2024 11:16:50:16 AM,37196.46875,-49418.71875,4935.759766,-3.0,-3.0,2.0,236.906006,-415.888031,18.349001,25.810001,302.0,-5.0,-10.0,0.02,0.0,0.0,1.0,true
Jun 4 2024 11:16:50:124 AM,37153.699219,-49416.769531,4938.489746,-3.0,-3.0,2.0,239.634018,-382.294006,18.76,24.122002,336.0,4.0,-17.0,0.02,0.0,0.0,1.0,true
Jun 4 2024 11:16:50:225 AM,37115.789062,-49414.917969,4940.859863,-3.0,-3.0,2.0,242.008011,-351.94101,18.616001,22.183001,304.0,-1.0,-19.0,0.02,0.0,0.0,1.0,true
Jun 4 2024 11:16:50:318 AM,37084.347656,-49413.308594,4942.759766,-3.0,-3.0,2.0,243.909012,-326.576019,17.889,19.841002,254.0,-7.0,-23.0,0.02,0.0,0.0,1.0,true
Jun 4 2024 11:16:50:427 AM,37050.769531,-49411.507812,4944.830078,-3.0,-3.0,2.0,245.977005,-299.10202,17.029001,18.588001,275.0,-9.0,-13.0,0.02,0.0,0.0,1.0,true
Jun 4 2024 11:16:50:514 AM,37025.378906,-49410.097656,4946.379883,-3.0,-4.0,2.0,247.525009,-278.087006,16.375,16.705,210.0,-7.0,-19.0,0.02,0.0,0.0,1.0,true
Jun 4 2024 11:16:50:614 AM,36998.539062,-49408.558594,4948.029785,-3.0,-4.0,2.0,249.180008,-255.405014,15.471001,15.467001,227.0,-9.0,-12.0,0.02,0.0,0.0,1.0,true
Jun 4 2024 11:16:50:730 AM,36971.027344,-49406.839844,4949.759766,-3.0,-4.0,2.0,250.911011,-231.264008,14.569,14.724001,241.0,-9.0,-7.0,0.02,0.0,0.0,1.0,true
Jun 4 2024 11:16:50:832 AM,36948.238281,-49405.390625,4951.279785,-3.0,-4.0,2.0,252.427017,-210.992004,13.473001,13.995001,203.0,-11.0,-7.0,0.02,0.0,0.0,1.0,true
Jun 4 2024 11:16:50:918 AM,36930.628906,-49404.25,4952.439941,-3.0,-4.0,2.0,253.589005,-195.029007,12.617001,13.01,160.0,-9.0,-10.0,0.02,0.0,0.0,1.0,true
Jun 4 2024 11:16:51:18 AM,36912.179688,-49403.039062,4953.639648,-3.0,-4.0,2.0,254.791016,-172.709015,11.355,10.755,223.0,-13.0,-23.0,0.02,1.0,0.0,1.0,true
Jun 4 2024 11:16:51:123 AM,36896.878906,-49402.0,4954.689941,-3.0,-4.0,2.0,255.834015,-118.861008,8.109,8.218,538.0,-32.0,-25.0,0.02,1.0,0.0,1.0,true
Jun 4 2024 11:16:51:224 AM,36892.269531,-49401.640625,4955.169922,-2.0,-4.0,2.0,256.315002,-8.834001,0.992,0.117,1100.0,-71.0,-81.0,0.02,1.0,0.0,1.0,true
Jun 4 2024 11:16:51:317 AM,36892.5,-49401.617188,4955.199707,-2.0,-4.0,2.0,256.344025,6.067,0.04,-0.317,149.0,-10.0,-4.0,0.02,1.0,0.0,1.0,true
Jun 4 2024 11:16:51:417 AM,36893.878906,-49401.667969,4955.02002,-2.0,-4.0,2.0,256.518005,29.302002,-1.363,-1.518,232.0,-14.0,-12.0,0.02,1.0,0.0,1.0,true
Jun 4 2024 11:16:51:516 AM,36897.769531,-49401.859375,4954.719727,-2.0,-4.0,2.0,256.817017,57.441002,-3.041,-3.715,281.0,-17.0,-22.0,0.02,0.0,0.0,1.0,true
Jun 4 2024 11:16:51:625 AM,36906.878906,-49402.367188,4954.129883,-3.0,-4.0,2.0,257.411011,94.703003,-5.276,-6.977,373.0,-22.0,-33.0,0.02,0.0,0.0,1.0,true
Jun 4 2024 11:16:51:728 AM,36917.070312,-49402.9375,4953.409668,-3.0,-4.0,2.0,258.13501,107.659004,-5.916,-7.556,130.0,-6.0,-6.0,0.02,1.0,0.0,1.0,true
Jun 4 2024 11:16:51:813 AM,36925.769531,-49403.429688,4952.790039,-3.0,-4.0,2.0,258.747009,108.080002,-5.914001,-6.719,4.0,0.0,8.0,0.02,1.0,0.0,1.0,true
Jun 4 2024 11:16:51:923 AM,36938.21875,-49404.097656,4951.959961,-3.0,-4.0,2.0,259.584015,130.616013,-7.088,-8.178,225.0,-12.0,-15.0,0.02,1.0,0.0,1.0,true
Jun 4 2024 11:16:52:25 AM,36953.449219,-49404.929688,4950.989746,-3.0,-4.0,2.0,260.550018,163.560013,-8.81,-10.511001,329.0,-17.0,-23.0,0.02,1.0,0.0,1.0,true
Jun 4 2024 11:16:52:121 AM,36971.449219,-49405.898438,4949.850098,-3.0,-4.0,3.0,261.688019,197.877014,-10.521001,-12.932,343.0,-17.0,-24.0,0.02,1.0,0.0,1.0,true
Jun 4 2024 11:16:52:231 AM,36996.039062,-49407.1875,4948.27002,-3.0,-3.0,3.0,263.276001,238.563019,-12.360001,-15.571001,407.0,-18.0,-26.0,0.02,1.0,0.0,1.0,true
Jun 4 2024 11:16:52:313 AM,37017.21875,-49408.300781,4946.939941,-3.0,-3.0,3.0,264.603027,267.156006,-14.576001,-17.425001,286.0,-22.0,-19.0,0.02,0.0,0.0,1.0,true
Jun 4 2024 11:16:52:422 AM,37046.859375,-49409.878906,4945.089844,-3.0,-3.0,2.0,266.452026,286.463013,-15.365001,-18.104,193.0,-8.0,-7.0,0.02,0.0,0.0,1.0,true
Jun 4 2024 11:16:52:526 AM,37077.210938,-49411.4375,4943.199707,-3.0,-3.0,2.0,268.33902,288.362,-15.164001,-17.215,19.0,2.0,9.0,0.02,0.0,0.0,1.0,true
Jun 4 2024 11:16:52:619 AM,37103.339844,-49412.757812,4941.569824,-3.0,-3.0,2.0,269.972015,283.051025,-14.492001,-16.808001,-53.0,7.0,4.0,0.02,0.0,0.0,1.0,true
Jun 4 2024 11:16:52:724 AM,37132.359375,-49414.167969,4939.759766,-3.0,-3.0,2.0,271.779999,273.28302,-13.598001,-16.485001,-98.0,9.0,3.0,0.02,0.0,0.0,1.0,true
Jun 4 2024 11:16:52:824 AM,37158.820312,-49415.417969,4938.069824,-3.0,-3.0,2.0,273.468018,262.449005,-12.84,-16.703001,-108.0,8.0,-2.0,0.02,0.0,0.0,1.0,true
Jun 4 2024 11:16:52:926 AM,37184.199219,-49416.597656,4936.489746,-4.0,-3.0,2.0,275.048004,251.195007,-12.022,-15.902,-113.0,8.0,8.0,0.02,0.0,0.0,1.0,true
Jun 4 2024 11:16:53:22 AM,37207.910156,-49417.699219,4935.049805,-4.0,-3.0,2.0,276.494019,240.480011,-11.177001,-15.008,-107.0,8.0,9.0,0.02,0.0,0.0,1.0,true
Jun 4 2024 11:16:53:122 AM,37231.4375,-49418.800781,4933.549805,-4.0,-3.0,2.0,277.989014,229.950012,-10.209001,-14.462001,-105.0,10.0,5.0,0.02,0.0,0.0,1.0,true
Jun 4 2024 11:16:53:229 AM,37254.449219,-49419.847656,4932.089844,-4.0,-3.0,2.0,279.451019,219.653015,-9.426001,-13.780001,-103.0,8.0,7.0,0.02,0.0,0.0,1.0,true
Jun 4 2024 11:16:53:323 AM,37274.6875,-49420.757812,4930.889648,-4.0,-3.0,2.0,280.650024,209.933014,-10.881001,-11.434001,-97.0,-15.0,23.0,0.02,0.0,0.0,1.0,true
Jun 4 2024 11:16:53:420 AM,37295.097656,-49421.75,4929.719727,-4.0,-3.0,2.0,281.818024,200.966003,-10.171,-11.446,-90.0,7.0,0.0,0.02,0.0,0.0,1.0,true
Jun 4 2024 11:16:53:523 AM,37315.089844,-49422.699219,4928.560059,-4.0,-3.0,2.0,282.982025,192.272003,-9.559,-11.093,-87.0,6.0,4.0,0.02,0.0,0.0,1.0,true
Jun 4 2024 11:16:53:630 AM,37335.0,-49423.617188,4927.389648,-4.0,-3.0,2.0,284.153015,183.76001,-8.869,-10.788,-85.0,7.0,3.0,0.02,0.0,0.0,1.0,true
Jun 4 2024 11:16:53:719 AM,37351.289062,-49424.367188,4926.389648,-4.0,-3.0,2.0,285.150024,177.016006,-8.215,-10.774,-67.0,7.0,0.0,0.02,0.0,0.0,1.0,true
Jun 4 2024 11:16:53:815 AM,37367.679688,-49425.117188,4925.399902,-4.0,-3.0,2.0,286.137024,170.630005,-7.429,-9.901,-64.0,8.0,9.0,0.02,0.0,0.0,1.0,true
Jun 4 2024 11:16:53:918 AM,37384.859375,-49425.878906,4924.359863,-4.0,-3.0,2.0,287.182007,164.011002,-6.902,-10.215,-66.0,5.0,-3.0,0.02,0.0,0.0,1.0,true
Jun 4 2024 11:16:54:26 AM,37402.179688,-49426.617188,4923.330078,-4.0,-3.0,2.0,288.216003,157.027008,-6.787,-8.803,-70.0,1.0,14.0,0.02,0.0,0.0,1.0,true
Jun 4 2024 11:16:54:125 AM,37417.21875,-49427.238281,4922.5,-4.0,-3.0,2.0,289.046021,150.910004,-6.751,-7.885,-61.0,0.0,9.0,0.02,0.0,0.0,1.0,true
Jun 4 2024 11:16:54:233 AM,37433.417969,-49427.890625,4921.659668,-4.0,-3.0,2.0,289.88501,144.505005,-6.471,-7.591001,-64.0,3.0,3.0,0.02,0.0,0.0,1.0,true
Jun 4 2024 11:16:54:316 AM,37445.257812,-49428.359375,4921.040039,-4.0,-2.0,2.0,290.505005,140.0,-6.247,-7.105,-45.0,2.0,5.0,0.02,0.0,0.0,1.0,true
Jun 4 2024 11:16:54:428 AM,37460.699219,-49428.949219,4920.239746,-4.0,-2.0,2.0,291.299011,134.277008,-5.871,-6.921,-57.0,4.0,2.0,0.02,0.0,0.0,1.0,true
Jun 4 2024 11:16:54:520 AM,37472.859375,-49429.417969,4919.580078,-4.0,-2.0,2.0,291.962006,128.423004,-5.132,-7.316,-59.0,7.0,-4.0,0.02,0.0,0.0,1.0,true
Jun 4 2024 11:16:54:630 AM,37485.277344,-49429.910156,4918.819824,-4.0,-2.0,2.0,292.721008,91.584007,-3.553,-5.393,-368.0,16.0,19.0,0.02,0.0,0.0,1.0,true
Jun 4 2024 11:16:54:718 AM,37489.027344,-49430.070312,4918.47998,-4.0,-2.0,2.0,293.06601,32.219002,-1.365,-2.086,-594.0,22.0,33.0,0.02,0.0,0.0,1.0,true
Jun 4 2024 11:16:54:825 AM,37491.609375,-49430.1875,4918.290039,-5.0,-2.0,2.0,293.255005,18.065001,-0.789,-1.066,-142.0,6.0,10.0,0.02,0.0,0.0,1.0,true
Jun 4 2024 11:16:54:933 AM,37492.070312,-49430.25,4918.25,-5.0,-2.0,2.0,293.289001,-7.857,0.176,0.565,-259.0,10.0,16.0,0.02,0.0,0.0,1.0,true
Jun 4 2024 11:16:55:20 AM,37490.519531,-49430.21875,4918.330078,-5.0,-2.0,2.0,293.370026,-26.585001,0.66,1.718,-187.0,5.0,12.0,0.02,0.0,0.0,1.0,true
Jun 4 2024 11:16:55:125 AM,37485.808594,-49430.097656,4918.600098,-5.0,-2.0,2.0,293.637024,-63.991005,1.853,3.535,-374.0,12.0,18.0,0.02,0.0,0.0,1.0,true
Jun 4 2024 11:16:55:216 AM,37477.710938,-49429.847656,4919.049805,-5.0,-2.0,2.0,294.085022,-100.519005,3.153,5.921,-365.0,13.0,24.0,0.02,0.0,0.0,1.0,true
Jun 4 2024 11:16:55:334 AM,37463.039062,-49429.390625,4919.870117,-5.0,-3.0,2.0,294.904022,-140.824005,4.525,8.324,-403.0,14.0,24.0,0.02,0.0,0.0,1.0,true
Jun 4 2024 11:16:55:418 AM,37449.257812,-49428.9375,4920.620117,-5.0,-3.0,2.0,295.660004,-169.313004,6.085001,8.905001,-285.0,16.0,6.0,0.02,0.0,0.0,1.0,true
Jun 4 2024 11:16:55:518 AM,37430.628906,-49428.300781,4921.629883,-5.0,-3.0,2.0,296.664001,-201.03801,7.859,10.709001,-317.0,18.0,18.0,0.02,0.0,0.0,1.0,true
Jun 4 2024 11:16:55:636 AM,37404.917969,-49427.378906,4923.02002,-5.0,-3.0,2.0,298.057007,-237.798004,9.836,13.073001,-368.0,20.0,24.0,0.02,0.0,0.0,1.0,true
Jun 4 2024 11:16:55:719 AM,37383.160156,-49426.527344,4924.209961,-5.0,-3.0,2.0,299.247009,-265.308014,11.537001,15.078001,-275.0,17.0,20.0,0.02,0.0,0.0,1.0,true
Jun 4 2024 11:16:55:835 AM,37350.449219,-49425.21875,4926.139648,-5.0,-3.0,2.0,301.181,-300.980011,12.173,18.301001,-357.0,6.0,32.0,0.02,0.0,0.0,1.0,true
Jun 4 2024 11:16:55:922 AM,37324.449219,-49424.128906,4927.759766,-5.0,-3.0,2.0,302.800018,-326.797028,13.533001,19.256001,-258.0,14.0,10.0,0.02,0.0,0.0,1.0,true
Jun 4 2024 11:16:56:16 AM,37291.359375,-49422.730469,4929.739746,-5.0,-3.0,2.0,304.778015,-355.004028,16.171001,20.894001,-282.0,26.0,16.0,0.02,0.0,0.0,1.0,true
Jun 4 2024 11:16:56:124 AM,37251.667969,-49420.929688,4932.069824,-5.0,-3.0,2.0,307.105011,-369.59903,19.443001,21.241001,-146.0,33.0,3.0,0.02,0.0,0.0,1.0,true
Jun 4 2024 11:16:56:215 AM,37219.140625,-49419.230469,4934.060059,-4.0,-3.0,2.0,309.094025,-364.405029,19.326,22.524,52.0,-1.0,13.0,0.02,0.0,0.0,1.0,true
Jun 4 2024 11:16:56:326 AM,37180.339844,-49417.097656,4936.560059,-4.0,-4.0,2.0,311.598022,-346.746002,19.567001,21.954,177.0,2.0,-6.0,0.02,0.0,0.0,1.0,true
Jun 4 2024 11:16:56:424 AM,37148.359375,-49415.238281,4938.600098,-4.0,-4.0,2.0,313.638,-326.802002,20.007002,20.278002,199.0,4.0,-17.0,0.02,0.0,0.0,1.0,true
Jun 4 2024 11:16:56:518 AM,37117.929688,-49413.367188,4940.52002,-3.0,-4.0,2.0,315.558014,-304.984009,19.979,18.558001,218.0,0.0,-17.0,0.02,0.0,0.0,1.0,true
Jun 4 2024 11:16:56:620 AM,37089.019531,-49411.488281,4942.330078,-3.0,-4.0,3.0,317.367004,-282.585999,19.483002,17.18,224.0,-5.0,-14.0,0.02,0.0,0.0,1.0,true
Jun 4 2024 11:16:56:718 AM,37063.050781,-49409.757812,4943.949707,-3.0,-4.0,3.0,318.989014,-261.575012,18.34,16.300001,210.0,-11.0,-9.0,0.02,0.0,0.0,1.0,true
Jun 4 2024 11:16:56:823 AM,37036.097656,-49407.898438,4945.620117,-3.0,-4.0,3.0,320.654022,-239.019012,17.303001,14.025001,226.0,-10.0,-23.0,0.02,0.0,0.0,1.0,true
Jun 4 2024 11:16:56:931 AM,37011.988281,-49406.1875,4947.109863,-3.0,-5.0,3.0,322.144012,-218.100006,16.173,13.419001,209.0,-11.0,-6.0,0.02,0.0,0.0,1.0,true
Jun 4 2024 11:16:57:25 AM,36992.960938,-49404.789062,4948.299805,-3.0,-5.0,3.0,323.340027,-189.334015,14.806001,11.211,288.0,-14.0,-22.0,0.02,1.0,0.0,1.0,true
Jun 4 2024 11:16:57:129 AM,36976.167969,-49403.46875,4949.419922,-3.0,-5.0,3.0,324.458008,-140.768005,11.244,9.3,486.0,-36.0,-19.0,0.02,1.0,0.0,1.0,true
Jun 4 2024 11:16:57:218 AM,36967.289062,-49402.738281,4950.089844,-2.0,-5.0,3.0,325.127014,-71.712006,6.084,4.67,691.0,-52.0,-46.0,0.02,1.0,0.0,1.0,true
Jun 4 2024 11:16:57:332 AM,36965.988281,-49402.578125,4950.319824,-2.0,-5.0,3.0,325.359009,-1.251,0.615,0.175,705.0,-55.0,-45.0,0.02,1.0,0.0,1.0,true
Jun 4 2024 11:16:57:424 AM,36966.289062,-49402.578125,4950.25,-2.0,-5.0,3.0,325.435028,12.027,-0.579,-1.257,133.0,-12.0,-14.0,0.02,1.0,0.0,1.0,true
Jun 4 2024 11:16:57:523 AM,36968.738281,-49402.707031,4950.040039,-2.0,-5.0,3.0,325.640015,41.080002,-2.565,-2.379,291.0,-20.0,-11.0,0.02,1.0,0.0,1.0,true
Jun 4 2024 11:16:57:617 AM,36974.628906,-49403.109375,4949.659668,-2.0,-5.0,3.0,326.024017,86.079002,-5.788,-5.743001,450.0,-32.0,-34.0,0.02,1.0,0.0,1.0,true
Jun 4 2024 11:16:57:723 AM,36987.257812,-49403.96875,4948.870117,-2.0,-5.0,3.0,326.815002,136.208008,-9.284,-9.613001,501.0,-35.0,-39.0,0.02,0.0,0.0,1.0,true
Jun 4 2024 11:16:57:821 AM,37002.199219,-49404.980469,4947.899902,-2.0,-4.0,3.0,327.780029,158.776001,-11.394001,-9.442,226.0,-21.0,2.0,0.02,0.0,0.0,1.0,true
Jun 4 2024 11:16:57:922 AM,37017.839844,-49406.078125,4946.889648,-3.0,-4.0,3.0,328.794006,165.749008,-11.759001,-10.080001,70.0,-4.0,-6.0,0.02,0.0,0.0,1.0,true
Jun 4 2024 11:16:58:13 AM,37033.121094,-49407.148438,4945.870117,-3.0,-4.0,3.0,329.813019,166.547012,-11.591001,-10.287001,8.0,2.0,-2.0,0.02,0.0,0.0,1.0,true
Jun 4 2024 11:16:58:123 AM,37050.378906,-49408.410156,4944.75,-3.0,-4.0,3.0,330.932007,163.541,-13.246,-10.142,-30.0,-17.0,1.0,-0.98,0.0,0.0,1.0,true
Jun 4 2024 11:16:58:221 AM,37065.828125,-49410.648438,4943.75,-3.0,-5.0,3.0,331.935028,157.174011,-22.398001,-9.982,-64.0,-92.0,2.0,-0.98,0.0,0.0,1.0,true
Jun 4 2024 11:16:58:321 AM,37080.667969,-49414.257812,4942.72998,-4.0,-6.0,3.0,332.949005,147.583008,-33.867001,-10.523001,-96.0,-115.0,-5.0,-0.98,0.0,0.0,1.0,true
Jun 4 2024 11:16:58:441 AM,37096.488281,-49420.027344,4941.790039,-4.0,-8.0,4.0,333.897003,131.45401,-48.833004,-6.831,-161.0,-150.0,37.0,-0.98,0.0,0.0,1.0,true
Jun 4 2024 11:16:58:513 AM,37105.570312,-49424.457031,4941.350098,-4.0,-10.0,4.0,334.331024,121.608009,-56.821003,-6.433,-98.0,-80.0,4.0,-0.98,0.0,0.0,1.0,true
Jun 4 2024 11:16:58:628 AM,37118.449219,-49431.597656,4940.72998,-4.0,-12.0,4.0,334.952026,112.869003,-63.052002,-5.406,-87.0,-62.0,10.0,-0.98,0.0,0.0,1.0,true
Jun 4 2024 11:16:58:727 AM,37129.429688,-49438.308594,4940.189941,-4.0,-14.0,4.0,335.495026,106.306007,-65.809006,-5.813,-66.0,-28.0,-4.0,-0.98,0.0,0.0,1.0,true
Jun 4 2024 11:16:58:821 AM,37139.460938,-49443.789062,4939.679688,-3.0,-16.0,4.0,336.004028,110.383003,-58.492004,-4.938,41.0,73.0,9.0,0.02,0.0,0.0,1.0,true
Jun 4 2024 11:16:58:930 AM,37151.890625,-49448.5,4939.02002,-3.0,-16.0,3.0,336.660004,110.287003,-39.911003,-5.987,-1.0,186.0,-10.0,0.02,1.0,0.0,1.0,true
Jun 4 2024 11:16:59:26 AM,37162.578125,-49451.539062,4938.419922,-3.0,-16.0,3.0,337.266022,109.632004,-32.335003,-6.068,-7.0,76.0,-1.0,0.02,0.0,0.0,1.0,true
Jun 4 2024 11:16:59:119 AM,37173.199219,-49454.5,4937.839844,-3.0,-16.0,3.0,337.843018,113.285004,-31.052002,-6.196,37.0,13.0,-1.0,0.02,0.0,0.0,1.0,true
Jun 4 2024 11:16:59:223 AM,37185.109375,-49457.757812,4937.149902,-3.0,-16.0,3.0,338.535004,113.399002,-30.253002,-6.614,1.0,8.0,-4.0,0.02,0.0,0.0,1.0,true
Jun 4 2024 11:16:59:327 AM,37196.597656,-49460.898438,4936.5,-3.0,-16.0,3.0,339.185028,107.435005,-28.485001,-6.106,-60.0,18.0,5.0,0.02,1.0,0.0,1.0,true
Jun 4 2024 11:16:59:416 AM,37204.519531,-49463.027344,4936.02002,-3.0,-16.0,3.0,339.666016,85.798004,-22.498001,-4.791,-216.0,60.0,13.0,0.02,1.0,0.0,1.0,true
Jun 4 2024 11:16:59:515 AM,37214.578125,-49465.75,4935.5,-3.0,-16.0,3.0,340.182007,115.342003,-31.030001,-6.352,295.0,-85.0,-16.0,0.02,1.0,0.0,1.0,true
Jun 4 2024 11:16:59:626 AM,37230.949219,-49470.179688,4934.699707,-3.0,-16.0,3.0,340.981018,156.166,-42.607002,-8.732,408.0,-116.0,-24.0,0.02,1.0,0.0,1.0,true
Jun 4 2024 11:16:59:727 AM,37249.289062,-49475.148438,4933.779785,-2.0,-16.0,3.0,341.907013,192.502014,-52.611004,-10.495001,363.0,-100.0,-18.0,0.02,1.0,0.0,1.0,true
Jun 4 2024 11:16:59:814 AM,37268.007812,-49480.199219,4932.810059,-2.0,-16.0,3.0,342.869019,224.207016,-61.170002,-12.145,317.0,-86.0,-16.0,0.02,1.0,0.0,1.0,true
Jun 4 2024 11:16:59:923 AM,37295.558594,-49487.609375,4931.389648,-2.0,-16.0,3.0,344.290009,264.845001,-72.010002,-14.057001,406.0,-108.0,-19.0,0.02,1.0,0.0,1.0,true
Jun 4 2024 11:17:00:28 AM,37325.078125,-49495.5,4929.819824,-2.0,-15.0,3.0,345.863007,302.791016,-81.864006,-16.593,379.0,-99.0,-25.0,0.02,1.0,0.0,1.0,true
Jun 4 2024 11:17:00:119 AM,37355.179688,-49503.488281,4928.209961,-2.0,-15.0,3.0,347.468018,337.235016,-90.424004,-18.048,344.0,-86.0,-15.0,0.02,1.0,0.0,1.0,true
Jun 4 2024 11:17:00:222 AM,37392.507812,-49513.300781,4926.27002,-2.0,-15.0,3.0,349.40802,375.407013,-99.774002,-20.188002,382.0,-93.0,-21.0,0.02,1.0,0.0,1.0,true
Jun 4 2024 11:17:00:318 AM,37430.328125,-49523.148438,4924.339844,-1.0,-15.0,3.0,351.34201,410.163025,-107.882004,-21.311001,348.0,-81.0,-11.0,0.02,1.0,0.0,1.0,true
Jun 4 2024 11:17:00:426 AM,37477.089844,-49535.167969,4921.959961,-1.0,-15.0,3.0,353.722015,449.012024,-116.652008,-23.194,388.0,-88.0,-19.0,0.02,1.0,0.0,1.0,true
Jun 4 2024 11:17:00:529 AM,37525.710938,-49547.519531,4919.569824,-1.0,-15.0,3.0,356.108002,485.721008,-124.656006,-23.906002,367.0,-80.0,-7.0,0.02,1.0,0.0,1.0,true
Jun 4 2024 11:17:00:614 AM,37568.988281,-49558.378906,4917.509766,-1.0,-14.0,2.0,358.177002,515.831055,-131.014008,-24.673,301.0,-64.0,-8.0,0.02,1.0,0.0,1.0,true
Jun 4 2024 11:17:00:722 AM,37627.0,-49572.757812,4914.75,-1.0,-14.0,2.0,360.934021,553.184021,-138.126007,-26.450001,374.0,-71.0,-18.0,0.02,1.0,0.0,1.0,true
Jun 4 2024 11:17:00:821 AM,37683.828125,-49586.609375,4912.080078,-1.0,-14.0,2.0,363.605011,587.046021,-144.27301,-27.226002,339.0,-61.0,-8.0,0.02,1.0,0.0,1.0,true
Jun 4 2024 11:17:00:920 AM,37742.21875,-49600.609375,4909.379883,-1.0,-14.0,2.0,366.299011,596.768005,-144.226013,-26.758001,97.0,0.0,5.0,0.02,1.0,0.0,1.0,true
Jun 4 2024 11:17:01:22 AM,37803.460938,-49615.050781,4906.600098,-2.0,-14.0,2.0,369.07901,600.740051,-142.52301,-26.501001,40.0,17.0,3.0,0.02,1.0,0.0,1.0,true
Jun 4 2024 11:17:01:117 AM,37858.621094,-49627.820312,4904.169922,-2.0,-13.0,2.0,371.507019,604.160034,-140.868011,-25.747002,34.0,17.0,8.0,0.02,1.0,0.0,1.0,true
Jun 4 2024 11:17:01:216 AM,37920.199219,-49641.820312,4901.569824,-2.0,-13.0,2.0,374.113007,607.81604,-139.078003,-25.049002,37.0,18.0,7.0,0.02,1.0,0.0,1.0,true
Jun 4 2024 11:17:01:334 AM,37991.269531,-49657.648438,4898.659668,-2.0,-13.0,2.0,377.02002,611.910034,-136.917007,-24.502001,41.0,22.0,5.0,0.02,1.0,0.0,1.0,true
Jun 4 2024 11:17:01:433 AM,38054.679688,-49671.488281,4896.219727,-2.0,-13.0,2.0,379.459015,657.140015,-144.216003,-25.591002,452.0,-73.0,-11.0,0.02,1.0,0.0,1.0,true
Jun 4 2024 11:17:01:519 AM,38113.480469,-49684.078125,4894.060059,-1.0,-12.0,2.0,381.626007,694.843018,-149.800003,-26.509001,377.0,-56.0,-9.0,0.02,1.0,0.0,1.0,true
Jun 4 2024 11:17:01:634 AM,38197.328125,-49701.628906,4891.02002,-1.0,-12.0,1.0,384.661011,739.945007,-155.51001,-26.828001,451.0,-57.0,-3.0,0.02,1.0,0.0,1.0,true
Jun 4 2024 11:17:01:723 AM,38265.589844,-49715.589844,4888.629883,-1.0,-12.0,1.0,387.050018,771.772034,-158.81601,-26.940001,318.0,-33.0,-1.0,0.02,1.0,0.0,1.0,true
Jun 4 2024 11:17:01:826 AM,38345.519531,-49731.550781,4885.939941,-1.0,-12.0,1.0,389.743011,805.255066,-161.613007,-26.626001,335.0,-28.0,3.0,0.02,1.0,0.0,1.0,true
Jun 4 2024 11:17:01:915 AM,38420.039062,-49746.058594,4883.540039,0.0,-11.0,1.0,392.139008,833.95105,-163.377014,-26.43,287.0,-18.0,2.0,0.02,1.0,0.0,1.0,true
Jun 4 2024 11:17:02:18 AM,38508.640625,-49762.859375,4880.830078,0.0,-11.0,1.0,394.853027,865.626038,-164.679001,-25.874001,317.0,-13.0,6.0,0.02,1.0,0.0,1.0,true
Jun 4 2024 11:17:02:122 AM,38601.429688,-49779.917969,4878.159668,0.0,-11.0,1.0,397.518005,896.70105,-165.379013,-25.18,311.0,-7.0,7.0,0.02,1.0,0.0,1.0,true
Jun 4 2024 11:17:02:219 AM,38686.460938,-49795.089844,4875.870117,0.0,-10.0,1.0,399.814026,923.592041,-165.512009,-24.243002,269.0,-1.0,9.0,0.02,1.0,0.0,1.0,true
Jun 4 2024 11:17:02:319 AM,38784.328125,-49812.089844,4873.379883,0.0,-10.0,1.0,402.302032,953.169067,-165.312012,-23.717001,296.0,2.0,5.0,0.02,1.0,0.0,1.0,true
Jun 4 2024 11:17:02:427 AM,38886.148438,-49829.207031,4870.959961,0.0,-10.0,0.0,404.71701,982.422058,-164.738007,-22.373001,293.0,6.0,13.0,0.02,1.0,0.0,1.0,true
Jun 4 2024 11:17:02:522 AM,38983.289062,-49845.019531,4868.839844,0.0,-9.0,0.0,406.83902,1009.161072,-164.017014,-21.480001,267.0,7.0,9.0,0.02,1.0,0.0,1.0,true
Jun 4 2024 11:17:02:633 AM,39095.488281,-49862.738281,4866.580078,0.0,-9.0,0.0,409.103027,1038.75,-162.545013,-20.328001,296.0,15.0,12.0,0.02,1.0,0.0,1.0,true
Jun 4 2024 11:17:02:732 AM,39200.050781,-49878.617188,4864.639648,0.0,-9.0,0.0,411.042023,1065.299072,-160.460007,-19.228001,265.0,21.0,11.0,0.02,1.0,0.0,1.0,true
Jun 4 2024 11:17:02:823 AM,39301.0,-49893.390625,4862.97998,0.0,-8.0,0.0,412.698029,1089.992065,-157.968002,-17.315001,247.0,25.0,19.0,0.02,1.0,0.0,1.0,true
Jun 4 2024 11:17:02:926 AM,39413.757812,-49909.148438,4861.370117,0.0,-8.0,0.0,414.310028,1116.505005,-154.713013,-14.802001,265.0,33.0,25.0,0.02,1.0,0.0,1.0,true
Jun 4 2024 11:17:03:33 AM,39534.917969,-49925.25,4860.089844,1.0,-8.0,0.0,415.597015,1143.791016,-150.351013,-10.738001,273.0,44.0,41.0,0.02,1.0,0.0,1.0,true
Jun 4 2024 11:17:03:133 AM,39647.078125,-49939.367188,4859.290039,1.0,-7.0,0.0,416.397034,1167.964111,-145.849014,-6.789001,242.0,45.0,39.0,0.02,1.0,0.0,1.0,true
Jun 4 2024 11:17:03:230 AM,39763.917969,-49953.257812,4858.939941,1.0,-7.0,0.0,416.747009,1192.100098,-140.806,-1.575,241.0,50.0,52.0,0.02,1.0,0.0,1.0,true
Jun 4 2024 11:17:03:324 AM,39881.589844,-49966.4375,4859.080078,1.0,-6.0,0.0,416.896027,1215.595093,-134.987,2.943,235.0,58.0,45.0,0.02,1.0,0.0,1.0,true
Jun 4 2024 11:17:03:425 AM,40004.277344,-49979.300781,4859.639648,1.0,-6.0,0.0,417.455017,1239.235107,-128.770004,6.783,236.0,62.0,38.0,0.02,1.0,0.0,1.0,true
Jun 4 2024 11:17:03:518 AM,40119.019531,-49990.558594,4860.389648,1.0,-5.0,0.0,418.198029,1251.355103,-121.262009,9.085,121.0,75.0,23.0,0.02,1.0,0.0,1.0,true
Jun 4 2024 11:17:03:619 AM,40245.1875,-50002.0,4861.370117,1.0,-5.0,0.0,419.179016,1249.684082,-111.704002,10.595,-17.0,96.0,15.0,0.02,1.0,0.0,1.0,true
Jun 4 2024 11:17:03:731 AM,40386.378906,-50013.667969,4862.620117,1.0,-5.0,-1.0,420.428009,1247.584106,-100.380005,11.945001,-21.0,113.0,13.0,0.02,1.0,0.0,1.0,true
Jun 4 2024 11:17:03:824 AM,40503.0,-50022.328125,4863.689941,1.0,-4.0,-1.0,421.506012,1245.744019,-91.930008,11.654,-18.0,84.0,-3.0,0.02,1.0,0.0,1.0,true
Jun 4 2024 11:17:03:931 AM,40632.800781,-50031.058594,4864.899902,1.0,-4.0,-1.0,422.712006,1243.56604,-81.835007,12.22,-22.0,101.0,6.0,0.02,1.0,0.0,1.0,true
Jun 4 2024 11:17:04:28 AM,40752.789062,-50038.128906,4866.0,1.0,-3.0,-1.0,423.812012,1251.601074,-74.360001,10.882001,80.0,75.0,-13.0,0.02,1.0,0.0,1.0,true
Jun 4 2024 11:17:04:115 AM,40865.417969,-50044.050781,4867.009766,1.0,-3.0,-1.0,424.818024,1271.908081,-67.122002,10.924001,203.0,72.0,0.0,0.02,1.0,0.0,1.0,false
Jun 4 2024 11:17:04:232 AM,41014.960938,-50050.699219,4868.310059,1.0,-2.0,-1.0,426.123016,1296.9021,-57.759003,10.603001,250.0,94.0,-3.0,0.02,1.0,0.0,1.0,true
Jun 4 2024 11:17:04:321 AM,41130.597656,-50055.027344,4869.219727,1.0,-2.0,-2.0,427.030029,1315.291016,-49.228001,9.405001,184.0,85.0,-12.0,0.02,1.0,0.0,1.0,false
Jun 4 2024 11:17:04:427 AM,41269.347656,-50059.148438,4870.109863,1.0,-1.0,-2.0,427.925018,1336.552124,-39.330002,8.311001,213.0,99.0,-11.0,0.02,1.0,0.0,1.0,false
Jun 4 2024 11:17:04:530 AM,41410.648438,-50062.347656,4870.850098,1.0,-1.0,-2.0,428.661011,1357.512085,-28.235001,5.698,210.0,111.0,-26.0,0.02,1.0,0.0,1.0,false
Jun 4 2024 11:17:04:618 AM,41532.429688,-50064.160156,4871.27002,1.0,-1.0,-2.0,429.080017,1375.06311,-18.331001,3.779,176.0,99.0,-19.0,0.02,1.0,0.0,1.0,false
Jun 4 2024 11:17:04:736 AM,41690.667969,-50065.0,4871.27002,1.0,0.0,-2.0,429.085022,1397.71106,-8.352,-2.207,226.0,100.0,-60.0,0.02,1.0,0.0,1.0,false
Jun 4 2024 11:17:04:827 AM,41822.800781,-50064.757812,4870.850098,0.0,0.0,-3.0,429.512024,1416.094116,1.623,-3.856,184.0,100.0,-16.0,0.02,1.0,0.0,1.0,false
Jun 4 2024 11:17:04:930 AM,41973.929688,-50063.828125,4872.459961,2.0,1.0,-3.0,431.121033,1430.200073,13.466001,26.178001,141.0,118.0,300.0,0.02,1.0,0.0,1.0,false
Jun 4 2024 11:17:05:18 AM,42103.078125,-50062.789062,4877.129883,5.0,1.0,-2.0,435.797028,1442.151123,12.359,43.495003,120.0,-11.0,173.0,0.02,1.0,0.0,1.0,false
Jun 4 2024 11:17:05:133 AM,42269.390625,-50061.578125,4887.649902,5.0,1.0,-1.0,446.320007,1450.000122,39.279003,105.826004,78.0,269.0,623.0,0.02,1.0,0.0,1.0,false
Jun 4 2024 11:17:05:223 AM,42398.199219,-50057.699219,4896.379883,2.0,2.0,-1.0,455.047028,1463.381104,45.633003,98.913002,134.0,64.0,-69.0,0.02,1.0,0.0,1.0,false
Jun 4 2024 11:17:05:328 AM,42549.308594,-50052.539062,4902.739746,1.0,2.0,-1.0,461.405029,1482.285034,58.077003,41.327003,189.0,124.0,-576.0,0.02,1.0,0.0,1.0,true
Jun 4 2024 11:17:05:432 AM,42704.339844,-50045.507812,4905.149902,1.0,3.0,-1.0,463.813019,1500.473022,73.303001,11.626,182.0,152.0,-297.0,0.02,1.0,0.0,1.0,true
Jun 4 2024 11:17:05:521 AM,42836.460938,-50038.207031,4905.549805,0.0,4.0,-1.0,464.21402,1516.026123,86.460007,4.094,156.0,132.0,-75.0,0.02,1.0,0.0,1.0,true
Jun 4 2024 11:17:05:628 AM,42999.300781,-50027.949219,4904.569824,0.0,4.0,-1.0,465.195007,1535.618042,104.183006,-18.230001,196.0,177.0,-223.0,0.02,1.0,0.0,1.0,false
Jun 4 2024 11:17:05:719 AM,43139.210938,-50018.300781,4901.589844,-1.0,5.0,0.0,468.171021,1550.879028,121.522003,-50.502003,153.0,173.0,-323.0,0.02,1.0,0.0,1.0,false
Jun 4 2024 11:17:05:824 AM,43302.117188,-50004.660156,4893.560059,-4.0,5.0,0.0,476.200012,1572.543091,135.786011,-74.304001,217.0,143.0,-238.0,0.02,1.0,0.0,1.0,false
Jun 4 2024 11:17:05:929 AM,43466.320312,-49990.089844,4884.639648,-3.0,6.0,0.0,485.127014,1588.094116,145.746002,-100.051003,156.0,100.0,-257.0,0.02,1.0,0.0,1.0,false
Jun 4 2024 11:17:06:28 AM,43629.597656,-49972.148438,4875.77002,0.0,6.0,-2.0,493.999023,1605.473022,152.593002,-72.417,174.0,68.0,276.0,0.02,1.0,0.0,1.0,false
Jun 4 2024 11:17:06:123 AM,43780.210938,-49956.679688,4873.399902,1.0,7.0,-2.0,496.367035,1618.913086,174.442001,-0.266,134.0,218.0,722.0,0.02,1.0,0.0,1.0,false
Jun 4 2024 11:17:06:222 AM,43941.230469,-49937.707031,4873.709961,1.0,7.0,-2.0,496.684021,1634.718018,197.340012,4.631,158.0,229.0,49.0,0.02,1.0,0.0,1.0,false
Jun 4 2024 11:17:06:326 AM,44113.96875,-49915.609375,4873.639648,0.0,8.0,-2.0,496.756012,1651.471069,220.692017,-4.307,168.0,234.0,-89.0,0.02,1.0,0.0,1.0,false
Jun 4 2024 11:17:06:426 AM,44280.988281,-49892.21875,4872.699707,0.0,9.0,-2.0,497.702026,1667.6521,241.343018,-13.089001,162.0,207.0,-88.0,0.02,1.0,0.0,1.0,false
Jun 4 2024 11:17:06:528 AM,44452.199219,-49866.308594,4870.889648,0.0,9.0,-2.0,499.508026,1684.051025,262.106018,-20.482,164.0,208.0,-74.0,0.02,1.0,0.0,1.0,false
Jun 4 2024 11:17:06:623 AM,44612.910156,-49840.328125,4868.529785,0.0,10.0,-2.0,501.869019,1699.187134,281.305023,-26.746002,151.0,192.0,-63.0,0.02,1.0,0.0,1.0,false
Jun 4 2024 11:17:06:741 AM,44806.96875,-49806.867188,4865.049805,0.0,10.0,-2.0,505.353027,1717.005127,305.166016,-34.384003,178.0,239.0,-76.0,0.02,1.0,0.0,1.0,false
Jun 4 2024 11:17:06:825 AM,44958.308594,-49779.308594,4861.679688,-1.0,11.0,-1.0,508.719025,1717.118042,323.614014,-38.663002,1.0,184.0,-43.0,0.02,1.0,0.0,1.0,false
Jun 4 2024 11:17:06:914 AM,45112.0,-49749.980469,4857.689941,-1.0,12.0,-1.0,512.709045,1712.616089,343.374023,-47.365002,-45.0,198.0,-87.0,0.02,1.0,0.0,1.0,false
Jun 4 2024 11:17:07:21 AM,45294.1875,-49713.179688,4852.290039,-1.0,12.0,0.0,518.109009,1707.134033,367.730011,-52.065002,-55.0,244.0,-47.0,0.02,1.0,0.0,1.0,false
Jun 4 2024 11:17:07:121 AM,45463.9375,-49676.378906,4846.850098,-2.0,13.0,1.0,523.552002,1702.649048,387.819031,-56.454002,-45.0,201.0,-44.0,0.02,1.0,0.0,1.0,false
Jun 4 2024 11:17:07:213 AM,45621.300781,-49640.289062,4841.389648,-2.0,13.0,1.0,529.012024,1698.649048,406.047028,-59.981003,-40.0,182.0,-35.0,0.02,1.0,0.0,1.0,false
Jun 4 2024 11:17:07:318 AM,45799.347656,-49596.800781,4834.659668,-2.0,14.0,1.0,535.738037,1706.235107,426.495026,-66.435005,76.0,204.0,-65.0,0.02,1.0,0.0,1.0,false
Jun 4 2024 11:17:07:423 AM,45980.457031,-49550.089844,4827.799805,-2.0,15.0,1.0,542.597046,1721.531128,448.778015,-62.707005,153.0,223.0,37.0,0.02,0.0,0.0,1.0,true
Jun 4 2024 11:17:07:516 AM,46049.988281,-49554.808594,4824.839844,-2.0,22.0,0.0,545.55603,263.064026,-311.919006,17.683001,-14585.0,-7607.0,804.0,-0.97,0.0,0.0,1.0,true
Jun 4 2024 11:17:07:624 AM,46071.4375,-49567.089844,4829.009766,-2.0,27.0,-3.0,549.720032,192.220016,-50.579002,29.301001,-708.0,2613.0,116.0,0.03,0.0,0.0,1.0,false
Jun 4 2024 11:17:07:725 AM,46078.078125,-49568.878906,4830.149902,-3.0,29.0,-4.0,550.864014,16.825001,-9.081,-2.134,-1754.0,415.0,-314.0,0.03,0.0,0.0,1.0,false
Jun 4 2024 11:17:07:825 AM,46078.457031,-49569.167969,4829.939941,-2.0,29.0,-4.0,551.071045,-2.868,2.173,-2.059,-197.0,113.0,1.0,0.03,0.0,0.0,1.0,false
Jun 4 2024 11:17:07:933 AM,46078.808594,-49569.359375,4829.699707,-2.0,29.0,-3.0,551.319031,-2.76,2.383,-1.89,1.0,2.0,2.0,0.03,0.0,0.0,1.0,false
Jun 4 2024 11:17:08:30 AM,46079.058594,-49569.480469,4829.52002,-2.0,29.0,-3.0,551.490051,-2.332,2.008,-1.61,4.0,-4.0,3.0,0.03,0.0,0.0,1.0,false
Jun 4 2024 11:17:08:120 AM,46079.289062,-49569.589844,4829.370117,-2.0,29.0,-2.0,551.647034,-2.392,1.391,-1.969,-1.0,-6.0,-4.0,0.03,0.0,0.0,1.0,false
Jun 4 2024 11:17:08:225 AM,46079.457031,-49569.660156,4829.239746,-2.0,29.0,-2.0,551.775024,-1.658,1.303,-1.143,7.0,-1.0,8.0,0.03,0.0,0.0,1.0,false
Jun 4 2024 11:17:08:315 AM,46079.578125,-49569.699219,4829.149902,-2.0,28.0,-2.0,551.867004,-1.391,1.2,-0.849,3.0,-1.0,3.0,0.03,0.0,0.0,1.0,false
Jun 4 2024 11:17:08:415 AM,46079.679688,-49569.730469,4829.069824,-1.0,28.0,-2.0,551.943054,-1.188,0.848,-0.802,2.0,-4.0,0.0,0.03,0.0,0.0,1.0,false
Jun 4 2024 11:17:08:518 AM,46079.730469,-49569.75,4829.0,-1.0,28.0,-2.0,552.01001,-0.998,0.487,-0.899,2.0,-4.0,-1.0,0.03,0.0,0.0,1.0,false
Jun 4 2024 11:17:08:621 AM,46079.808594,-49569.777344,4828.929688,-1.0,28.0,-2.0,552.083008,-1.377,0.797,-1.472,-4.0,3.0,-6.0,0.03,0.0,0.0,1.0,false
Jun 4 2024 11:17:08:730 AM,46079.898438,-49569.808594,4828.859863,-1.0,28.0,-1.0,552.154053,-0.665,0.659,-0.249,7.0,-1.0,12.0,0.03,0.0,0.0,1.0,false
Jun 4 2024 11:17:08:819 AM,46079.890625,-49569.808594,4828.850098,-1.0,28.0,-1.0,552.169006,0.204,0.021,0.162,9.0,-6.0,4.0,0.03,0.0,0.0,1.0,false
Jun 4 2024 11:17:08:919 AM,46079.898438,-49569.800781,4828.830078,-1.0,28.0,-1.0,552.183044,-0.322,0.275,-0.155,-5.0,3.0,-3.0,0.03,0.0,0.0,1.0,false
Jun 4 2024 11:17:09:23 AM,46079.929688,-49569.828125,4828.830078,-1.0,28.0,-1.0,552.189026,-0.591,0.343,-0.265,-3.0,1.0,-1.0,0.03,0.0,0.0,1.0,false
Jun 4 2024 11:17:09:129 AM,46080.007812,-49569.859375,4828.75,-1.0,28.0,-1.0,552.26001,-0.801,0.488,-0.597,-2.0,1.0,-3.0,0.03,0.0,0.0,1.0,false
Jun 4 2024 11:17:09:223 AM,46080.058594,-49569.890625,4828.719727,-1.0,28.0,-1.0,552.29303,-0.602,0.652,-0.237,2.0,2.0,4.0,0.03,0.0,0.0,1.0,false
Jun 4 2024 11:17:09:318 AM,46080.140625,-49569.917969,4828.669922,-1.0,28.0,-1.0,552.342041,-0.579,0.536,-0.308,0.0,-1.0,-1.0,0.03,0.0,0.0,1.0,false
Jun 4 2024 11:17:09:416 AM,46080.179688,-49569.957031,4828.659668,-1.0,28.0,-1.0,552.351013,-0.379,0.259,-0.265,2.0,-3.0,0.0,0.03,0.0,0.0,1.0,false
Jun 4 2024 11:17:09:517 AM,46080.238281,-49569.988281,4828.639648,-1.0,28.0,-1.0,552.376038,-0.445,0.434,-0.181,-1.0,2.0,1.0,0.03,0.0,0.0,1.0,false
Jun 4 2024 11:17:09:618 AM,46080.269531,-49569.988281,4828.580078,-1.0,28.0,-1.0,552.439026,-0.294,0.083,-0.723,2.0,-4.0,-5.0,0.03,0.0,0.0,1.0,false
Jun 4 2024 11:17:09:723 AM,46080.308594,-49570.007812,4828.560059,-1.0,28.0,-1.0,552.458008,-0.147,0.181,-0.082,1.0,1.0,6.0,0.03,0.0,0.0,1.0,false
Jun 4 2024 11:17:09:827 AM,46080.308594,-49570.007812,4828.549805,-1.0,28.0,-1.0,552.460999,-0.162,0.069,-0.124,0.0,-1.0,0.0,0.03,0.0,0.0,1.0,false
Jun 4 2024 11:17:09:931 AM,46080.347656,-49570.027344,4828.529785,-1.0,28.0,-1.0,552.485046,-0.217,0.28,-0.06,-1.0,2.0,1.0,0.03,0.0,0.0,1.0,false
Jun 4 2024 11:17:10:28 AM,46080.367188,-49570.039062,4828.509766,-1.0,28.0,-1.0,552.503052,-0.275,0.172,-0.021,-1.0,-1.0,0.0,0.03,0.0,0.0,1.0,false
Jun 4 2024 11:17:10:132 AM,46080.378906,-49570.039062,4828.5,-1.0,28.0,-1.0,552.519043,-0.086,0.128,0.044,2.0,0.0,1.0,0.03,0.0,0.0,1.0,false
Jun 4 2024 11:17:10:221 AM,46080.378906,-49570.039062,4828.489746,-1.0,28.0,-1.0,552.522034,-0.068,0.182,0.011,0.0,1.0,0.0,0.03,0.0,0.0,1.0,false
Jun 4 2024 11:17:11:462 AM,46080.429688,-49570.058594,4828.459961,-1.0,28.0,-1.0,552.559998,-0.252,0.14,-0.264,-2.0,0.0,-3.0,0.03,0.0,0.0,1.0,false
Jun 4 2024 11:17:11:462 AM,46080.429688,-49570.058594,4828.459961,-1.0,28.0,-1.0,552.559998,-0.252,0.14,-0.264,0.0,0.0,0.0,0.03,0.0,0.0,1.0,false
Jun 4 2024 11:17:11:462 AM,46080.429688,-49570.058594,4828.459961,-1.0,28.0,-1.0,552.559998,-0.252,0.14,-0.264,0.0,0.0,0.0,0.03,0.0,0.0,1.0,false
Jun 4 2024 11:17:11:462 AM,46080.429688,-49570.058594,4828.459961,-1.0,28.0,-1.0,552.559998,-0.252,0.14,-0.264,0.0,0.0,0.0,0.03,0.0,0.0,1.0,false
Jun 4 2024 11:17:11:582 AM,46080.4375,-49570.070312,4828.439941,-1.0,28.0,-1.0,552.569031,-0.112,0.066,-0.121,1.0,-1.0,1.0,0.03,0.0,0.0,1.0,false
Jun 4 2024 11:17:11:599 AM,46080.4375,-49570.058594,4828.459961,-1.0,28.0,-1.0,552.582031,0.353,-0.125,0.583,5.0,-2.0,7.0,0.03,0.0,0.0,1.0,false
Jun 4 2024 11:17:11:709 AM,46080.417969,-49570.039062,4828.449707,-1.0,28.0,-1.0,552.588013,-0.112,0.068,-0.12,-5.0,2.0,-7.0,0.03,0.0,0.0,1.0,false
Jun 4 2024 11:17:11:830 AM,46080.4375,-49570.058594,4828.439941,-1.0,28.0,-1.0,552.595032,-0.272,0.134,-0.215,-2.0,1.0,-1.0,0.03,0.0,0.0,1.0,false
Jun 4 2024 11:17:11:901 AM,46080.457031,-49570.070312,4828.429688,-1.0,28.0,-1.0,552.611023,-0.091,0.097,-0.019,2.0,0.0,2.0,0.03,0.0,0.0,1.0,false
Jun 4 2024 11:17:12:7 AM,46080.449219,-49570.058594,4828.429688,-1.0,28.0,-1.0,552.617004,0.011,-0.002,-0.044,1.0,-1.0,0.0,0.03,0.0,0.0,1.0,false
Jun 4 2024 11:17:12:111 AM,46080.4375,-49570.050781,4828.429688,-1.0,28.0,-1.0,552.624023,0.103,-0.046,0.11,1.0,0.0,2.0,0.03,0.0,0.0,1.0,false
Jun 4 2024 11:17:12:205 AM,46080.4375,-49570.058594,4828.419922,-1.0,28.0,-1.0,552.626038,-0.19,0.095,-0.124,-3.0,1.0,-2.0,0.03,0.0,0.0,1.0,false
Jun 4 2024 11:17:12:310 AM,46080.457031,-49570.070312,4828.429688,-1.0,28.0,-1.0,552.629028,0.035,0.071,0.329,2.0,0.0,5.0,0.03,0.0,0.0,1.0,false
Jun 4 2024 11:17:12:403 AM,46080.300781,-49570.027344,4828.419922,-1.0,28.0,-1.0,552.638,-4.586,2.29,-1.091,-46.0,22.0,-14.0,0.03,0.0,0.0,1.0,false
Jun 4 2024 11:17:12:498 AM,46079.75,-49569.917969,4828.399902,-1.0,28.0,0.0,552.662048,-12.295001,4.288,-2.805,-77.0,20.0,-17.0,0.03,0.0,0.0,1.0,false
Jun 4 2024 11:17:12:600 AM,46077.1875,-49571.160156,4827.899902,-1.0,28.0,0.0,553.162048,-27.047001,-1.28,-4.833,-148.0,-56.0,-20.0,0.03,0.0,0.0,1.0,false
Jun 4 2024 11:17:12:715 AM,46071.238281,-49574.289062,4827.52002,-2.0,28.0,1.0,553.536011,-69.412003,-27.715002,-0.513,-424.0,-264.0,43.0,0.03,0.0,0.0,1.0,true
Jun 4 2024 11:17:12:797 AM,46063.339844,-49578.46875,4827.489746,-3.0,28.0,1.0,553.569031,-100.269005,-45.990002,0.934,-309.0,-183.0,14.0,0.03,0.0,0.0,1.0,true
Jun 4 2024 11:17:12:914 AM,46048.917969,-49586.128906,4827.810059,-3.0,28.0,2.0,553.894043,-133.595001,-66.065002,4.37,-333.0,-201.0,34.0,0.03,0.0,0.0,1.0,true
Jun 4 2024 11:17:13:11 AM,46035.679688,-49593.148438,4828.279785,-3.0,28.0,2.0,554.359009,-138.762009,-70.066002,5.216,-52.0,-40.0,8.0,0.03,0.0,0.0,1.0,true
Jun 4 2024 11:17:13:98 AM,46023.9375,-49599.367188,4828.72998,-3.0,27.0,2.0,554.815002,-137.081009,-69.733002,5.181,17.0,3.0,0.0,0.03,0.0,0.0,1.0,false
Jun 4 2024 11:17:13:198 AM,46010.9375,-49606.238281,4829.319824,-3.0,27.0,2.0,555.405029,-131.0,-67.004005,5.307,61.0,27.0,1.0,0.03,0.0,0.0,1.0,false
Jun 4 2024 11:17:13:301 AM,45998.269531,-49612.890625,4829.899902,-3.0,27.0,2.0,555.979004,-122.615005,-62.695004,5.074,84.0,43.0,-2.0,0.03,0.0,0.0,1.0,false
Jun 4 2024 11:17:13:399 AM,45987.269531,-49618.640625,4830.399902,-3.0,27.0,2.0,556.485046,-113.931007,-58.273003,5.528,87.0,44.0,5.0,0.03,0.0,0.0,1.0,false
Jun 4 2024 11:17:13:498 AM,45976.699219,-49624.109375,4830.949707,-3.0,27.0,2.0,557.031006,-104.402008,-53.621002,5.523,95.0,47.0,0.0,0.03,0.0,0.0,1.0,false
Jun 4 2024 11:17:13:602 AM,45966.25,-49629.507812,4831.5,-2.0,27.0,2.0,557.582031,-94.530006,-48.562004,4.744,99.0,51.0,-8.0,0.03,0.0,0.0,1.0,false
Jun 4 2024 11:17:13:695 AM,45958.0,-49633.769531,4831.909668,-2.0,27.0,2.0,557.995056,-86.374001,-44.233002,4.329,82.0,43.0,-4.0,0.03,0.0,0.0,1.0,false
Jun 4 2024 11:17:13:808 AM,45949.007812,-49638.378906,4832.370117,-2.0,27.0,2.0,558.455017,-77.098007,-39.359001,3.671,93.0,49.0,-7.0,0.03,0.0,0.0,1.0,false
Jun 4 2024 11:17:13:899 AM,45942.289062,-49641.828125,4832.72998,-2.0,27.0,2.0,558.814026,-69.812004,-35.598003,4.042,73.0,38.0,4.0,0.03,0.0,0.0,1.0,false
Jun 4 2024 11:17:14:11 AM,45935.007812,-49645.527344,4833.100098,-2.0,27.0,2.0,559.186035,-61.642002,-31.312002,3.44,82.0,43.0,-6.0,0.03,0.0,0.0,1.0,false
Jun 4 2024 11:17:14:108 AM,45929.398438,-49648.378906,4833.379883,-2.0,27.0,2.0,559.46405,-55.055004,-27.849001,2.399,66.0,35.0,-10.0,0.03,0.0,0.0,1.0,false
Jun 4 2024 11:17:14:203 AM,45924.480469,-49650.859375,4833.600098,-2.0,27.0,2.0,559.680054,-48.936001,-24.604002,2.164,61.0,32.0,-2.0,0.03,0.0,0.0,1.0,false
Jun 4 2024 11:17:14:305 AM,45919.859375,-49653.1875,4833.850098,-2.0,27.0,2.0,559.929016,-42.803001,-21.454,2.433,61.0,31.0,3.0,0.03,0.0,0.0,1.0,false
Jun 4 2024 11:17:14:416 AM,45915.558594,-49655.347656,4834.089844,-2.0,27.0,2.0,560.167053,-36.683002,-18.372002,2.004,61.0,31.0,-4.0,0.03,0.0,0.0,1.0,false
Jun 4 2024 11:17:14:512 AM,45912.199219,-49657.027344,4834.22998,-2.0,27.0,2.0,560.313049,-31.768002,-16.231001,1.672,49.0,21.0,-3.0,0.03,0.0,0.0,1.0,false
Jun 4 2024 11:17:14:607 AM,45909.410156,-49658.449219,4834.350098,-2.0,27.0,2.0,560.434021,-27.588001,-14.221001,1.139,42.0,20.0,-5.0,0.03,0.0,0.0,1.0,false
Jun 4 2024 11:17:14:705 AM,45906.867188,-49659.71875,4834.419922,-2.0,27.0,2.0,560.499023,-23.464001,-12.042001,0.867,41.0,22.0,-3.0,0.03,0.0,0.0,1.0,false
Jun 4 2024 11:17:14:807 AM,45904.679688,-49660.808594,4834.5,-2.0,27.0,2.0,560.584045,-19.5,-9.962001,0.617,40.0,21.0,-2.0,0.03,0.0,0.0,1.0,false
Jun 4 2024 11:17:14:907 AM,45902.917969,-49661.699219,4834.569824,-2.0,27.0,2.0,560.655029,-15.744,-8.199,0.383,38.0,18.0,-2.0,0.03,0.0,0.0,1.0,false
Jun 4 2024 11:17:14:998 AM,45901.628906,-49662.359375,4834.620117,-2.0,27.0,2.0,560.697998,-12.570001,-6.59,0.705,32.0,16.0,3.0,0.03,0.0,0.0,1.0,false
Jun 4 2024 11:17:15:98 AM,45900.570312,-49662.898438,4834.669922,-2.0,27.0,2.0,560.748047,-9.481001,-4.98,0.209,31.0,16.0,-5.0,0.03,0.0,0.0,1.0,false
Jun 4 2024 11:17:15:197 AM,45900.25,-49663.058594,4834.709961,-2.0,27.0,2.0,560.789001,-0.246,-0.105,0.19,92.0,49.0,0.0,0.03,0.0,0.0,1.0,false
Jun 4 2024 11:17:15:314 AM,45900.238281,-49663.070312,4834.699707,-2.0,27.0,2.0,560.800049,0.412,0.192,0.149,7.0,3.0,0.0,0.03,0.0,0.0,1.0,false
Jun 4 2024 11:17:15:399 AM,45900.21875,-49663.078125,4834.679688,-2.0,27.0,2.0,560.817017,0.438,0.201,0.321,0.0,0.0,2.0,0.03,0.0,0.0,1.0,false
Jun 4 2024 11:17:15:510 AM,45900.179688,-49663.089844,4834.649902,-3.0,27.0,2.0,560.843018,0.321,0.153,-0.569,-1.0,0.0,-9.0,0.03,0.0,0.0,1.0,false
Jun 4 2024 11:17:15:617 AM,45900.160156,-49663.097656,4834.639648,-3.0,27.0,2.0,560.856018,0.104,0.066,-0.013,-2.0,-1.0,6.0,0.03,0.0,0.0,1.0,false
Jun 4 2024 11:17:15:699 AM,45900.140625,-49663.109375,4834.629883,-3.0,27.0,2.0,560.870056,0.159,0.087,0.248,1.0,0.0,3.0,0.03,0.0,0.0,1.0,false
Jun 4 2024 11:17:15:799 AM,45900.128906,-49663.117188,4834.629883,-3.0,27.0,2.0,560.879028,0.138,0.075,0.14,0.0,0.0,-1.0,0.03,0.0,0.0,1.0,false
Jun 4 2024 11:17:15:901 AM,45900.097656,-49663.128906,4834.629883,-3.0,27.0,2.0,560.886047,0.092,0.06,-0.157,0.0,0.0,-3.0,0.03,0.0,0.0,1.0,false
Jun 4 2024 11:17:16:7 AM,45900.097656,-49663.128906,4834.629883,-3.0,27.0,2.0,560.887024,0.01,0.017,-0.42,-1.0,0.0,-3.0,0.03,0.0,0.0,1.0,false
Jun 4 2024 11:17:16:98 AM,45900.089844,-49663.140625,4834.629883,-3.0,27.0,2.0,560.889038,0.036,0.032,-0.207,0.0,0.0,2.0,0.03,0.0,0.0,1.0,false
Jun 4 2024 11:17:16:201 AM,45900.078125,-49663.140625,4834.629883,-3.0,27.0,2.0,560.893005,0.04,0.038,0.199,0.0,0.0,4.0,0.03,0.0,0.0,1.0,false
Jun 4 2024 11:17:16:299 AM,45900.078125,-49663.148438,4834.629883,-3.0,27.0,2.0,560.896057,0.017,0.021,-0.378,0.0,0.0,-6.0,0.03,0.0,0.0,1.0,false
Jun 4 2024 11:17:16:403 AM,45900.078125,-49663.148438,4834.639648,-3.0,27.0,2.0,560.903015,0.0,0.0,0.0,0.0,0.0,4.0,0.03,0.0,0.0,1.0,false
Jun 4 2024 11:17:16:502 AM,45900.070312,-49663.148438,4834.620117,-3.0,27.0,2.0,560.920044,0.01,0.022,-0.046,0.0,0.0,0.0,0.03,0.0,0.0,1.0,false
Jun 4 2024 11:17:16:608 AM,45900.070312,-49663.148438,4834.620117,-3.0,27.0,2.0,560.923035,0.007,0.018,-0.119,0.0,0.0,-1.0,0.03,0.0,0.0,1.0,false
Jun 4 2024 11:17:16:697 AM,45900.070312,-49663.148438,4834.639648,-3.0,27.0,2.0,560.940002,0.022,0.024,0.461,0.0,0.0,6.0,0.03,0.0,0.0,1.0,false
Jun 4 2024 11:17:16:802 AM,45900.070312,-49663.148438,4834.639648,-3.0,27.0,2.0,560.942017,-0.012,0.016,-0.583,0.0,0.0,-10.0,0.03,0.0,0.0,1.0,false
Jun 4 2024 11:17:16:907 AM,45900.070312,-49663.148438,4834.639648,-3.0,27.0,2.0,560.942017,0.007,0.016,0.136,0.0,0.0,7.0,0.02,0.0,0.0,1.0,false
Jun 4 2024 11:17:17:6 AM,45900.070312,-49663.148438,4834.649902,-3.0,27.0,2.0,560.95105,-0.006,0.012,-0.326,0.0,0.0,-5.0,0.01,0.0,0.0,1.0,false
Jun 4 2024 11:17:17:106 AM,45900.070312,-49663.148438,4834.659668,-3.0,27.0,2.0,560.959045,0.004,0.015,0.068,0.0,0.0,4.0,0.0,0.0,0.0,1.0,false
Jun 4 2024 11:17:17:197 AM,45900.070312,-49663.148438,4834.659668,-3.0,27.0,2.0,560.960022,0.005,0.02,0.068,0.0,0.0,0.0,0.0,0.0,0.0,1.0,false
Jun 4 2024 11:17:17:310 AM,45900.070312,-49663.148438,4834.649902,-3.0,27.0,2.0,560.963013,0.011,0.019,0.326,0.0,0.0,3.0,0.0,0.0,0.0,1.0,false
Jun 4 2024 11:17:17:410 AM,45900.070312,-49663.148438,4834.659668,-3.0,27.0,2.0,560.966003,-0.009,0.012,-0.43,0.0,0.0,-8.0,0.0,0.0,0.0,1.0,false
Jun 4 2024 11:17:17:508 AM,45900.070312,-49663.148438,4834.649902,-3.0,27.0,2.0,560.967041,-0.002,0.017,-0.134,0.0,0.0,3.0,0.0,0.0,0.0,1.0,false
Jun 4 2024 11:17:17:606 AM,45900.070312,-49663.148438,4834.649902,-3.0,27.0,2.0,560.973999,-0.004,0.015,-0.25,0.0,0.0,-1.0,-0.01,0.0,0.0,1.0,false
Jun 4 2024 11:17:17:707 AM,45900.070312,-49663.148438,4834.659668,-3.0,27.0,2.0,560.983032,0.0,0.014,-0.027,0.0,0.0,2.0,-0.01,0.0,0.0,1.0,false
Jun 4 2024 11:17:17:797 AM,45900.070312,-49663.148438,4834.649902,-3.0,27.0,2.0,560.994019,-0.01,0.015,-0.379,0.0,0.0,-4.0,-0.01,0.0,0.0,1.0,false
Jun 4 2024 11:17:17:896 AM,45900.070312,-49663.148438,4834.649902,-3.0,27.0,2.0,560.999023,-0.006,0.011,-0.268,0.0,0.0,1.0,-0.01,0.0,0.0,1.0,false
Jun 4 2024 11:17:18:2 AM,45900.070312,-49663.148438,4834.649902,-3.0,27.0,2.0,561.001038,0.012,0.022,0.342,0.0,0.0,6.0,-0.02,0.0,0.0,1.0,false
