,Position X (m),Position Y (m),Position Z (m),Pitch (degrees),Yaw (degrees),Row (degrees),Aggregated Absolute Delta Z (m),Vx (cm/s),Vy (cm/s),Vz (cm/s),Ax (cm/s),Ay (cm/s),Az (cm/s),Steering,Throttle,Brake,IsCrash
May 21 2024 10:25:25:671 AM,37606.070312,-49438.230469,5014.149902,0.0,0.0,0.0,0.0,0.0,0.0,-124.81601,0.0,0.0,-1248.0,0.0,0.0,0.0,true
May 21 2024 10:25:25:671 AM,37606.070312,-49438.230469,5014.149902,0.0,0.0,0.0,0.0,0.0,0.0,-124.81601,0.0,0.0,0.0,0.0,0.0,0.0,true
May 21 2024 10:25:25:672 AM,37606.070312,-49438.230469,5014.149902,0.0,0.0,0.0,0.0,0.0,0.0,-124.81601,0.0,0.0,0.0,0.0,0.0,0.0,true
May 21 2024 10:25:26:203 AM,37606.070312,-49438.230469,4995.959961,0.0,0.0,0.0,18.188002,0.0,0.0,-222.634018,0.0,0.0,-978.0,0.0,0.0,0.0,true
May 21 2024 10:25:26:203 AM,37606.070312,-49438.230469,4995.959961,0.0,0.0,0.0,18.188002,0.0,0.0,-222.634018,0.0,0.0,0.0,0.0,0.0,0.0,true
May 21 2024 10:25:26:203 AM,37606.070312,-49438.230469,4995.959961,0.0,0.0,0.0,18.188002,0.0,0.0,-222.634018,0.0,0.0,0.0,0.0,0.0,0.0,true
May 21 2024 10:25:26:204 AM,37606.070312,-49438.230469,4995.959961,0.0,0.0,0.0,18.188002,0.0,0.0,-222.634018,0.0,0.0,0.0,0.0,0.0,0.0,true
May 21 2024 10:25:26:319 AM,37606.070312,-49438.230469,4962.290039,0.0,0.0,0.0,51.857002,0.0,0.0,-337.630005,0.0,0.0,-1150.0,0.0,0.0,0.0,true
May 21 2024 10:25:26:406 AM,37604.910156,-49439.117188,4930.109863,-1.0,0.0,1.0,84.037003,14.002001,19.632002,-329.162018,140.0,196.0,85.0,0.0,0.0,0.0,true
May 21 2024 10:25:26:510 AM,37602.847656,-49438.6875,4911.330078,-3.0,0.0,2.0,102.812004,4.496,9.990001,-87.117004,-95.0,-96.0,2420.0,0.0,0.0,0.0,true
May 21 2024 10:25:26:603 AM,37602.460938,-49438.078125,4907.889648,-3.0,0.0,2.0,106.254005,-2.461,2.015,-6.112,-70.0,-80.0,810.0,0.0,0.0,0.0,true
May 21 2024 10:25:26:989 AM,37602.578125,-49438.140625,4908.679688,-3.0,0.0,2.0,107.044006,0.461,2.734,9.743,29.0,7.0,159.0,0.0,0.0,0.0,true
May 21 2024 10:25:26:990 AM,37602.578125,-49438.140625,4908.679688,-3.0,0.0,2.0,107.044006,0.461,2.734,9.743,0.0,0.0,0.0,0.0,0.0,0.0,true
May 21 2024 10:25:26:991 AM,37602.578125,-49438.140625,4908.679688,-3.0,0.0,2.0,107.044006,0.461,2.734,9.743,0.0,0.0,0.0,0.0,0.0,0.0,true
May 21 2024 10:25:27:317 AM,37602.628906,-49438.167969,4909.669922,-3.0,0.0,2.0,108.037003,0.701,2.897,9.442,2.0,2.0,-3.0,0.0,0.0,0.0,true
May 21 2024 10:25:27:317 AM,37602.628906,-49438.167969,4909.669922,-3.0,0.0,2.0,108.037003,0.701,2.897,9.442,0.0,0.0,0.0,0.0,0.0,0.0,true
May 21 2024 10:25:27:318 AM,37602.628906,-49438.167969,4909.669922,-3.0,0.0,2.0,108.037003,0.701,2.897,9.442,0.0,0.0,0.0,0.0,0.0,0.0,true
May 21 2024 10:25:27:318 AM,37602.628906,-49438.167969,4909.669922,-3.0,0.0,2.0,108.037003,0.701,2.897,9.442,0.0,0.0,0.0,0.0,0.0,0.0,true
May 21 2024 10:25:27:400 AM,37602.667969,-49438.277344,4910.409668,-3.0,0.0,2.0,108.777008,0.617,1.014,7.598001,-1.0,-19.0,-18.0,0.0,0.0,0.0,true
May 21 2024 10:25:27:505 AM,37602.699219,-49438.339844,4911.029785,-3.0,0.0,2.0,109.397003,0.439,0.616,5.15,-2.0,-4.0,-24.0,0.0,0.0,0.0,true
May 21 2024 10:25:27:599 AM,37602.710938,-49438.378906,4911.399902,-3.0,0.0,2.0,109.762009,0.28,0.267,3.128,-2.0,-3.0,-20.0,0.0,0.0,0.0,true
May 21 2024 10:25:27:700 AM,37602.730469,-49438.417969,4911.639648,-3.0,0.0,2.0,110.004005,0.179,0.004,1.911,-1.0,-3.0,-12.0,0.0,0.0,0.0,true
May 21 2024 10:25:27:806 AM,37602.730469,-49438.46875,4911.799805,-3.0,0.0,2.0,110.168007,0.127,-0.174,1.187,-1.0,-2.0,-7.0,0.0,0.0,0.0,true
May 21 2024 10:25:27:904 AM,37602.730469,-49438.5,4911.859863,-3.0,0.0,2.0,110.225006,0.0,0.0,0.0,-1.0,2.0,-12.0,0.0,0.0,0.0,true
May 21 2024 10:25:28:7 AM,37602.730469,-49438.5,4911.859863,-3.0,0.0,2.0,110.225006,0.0,0.0,0.0,0.0,0.0,0.0,0.0,0.0,0.0,true
May 21 2024 10:25:28:103 AM,37602.730469,-49438.5,4911.859863,-3.0,0.0,2.0,110.225006,0.0,0.0,0.0,0.0,0.0,0.0,0.0,0.0,0.0,true
May 21 2024 10:25:28:199 AM,37602.730469,-49438.5,4911.859863,-3.0,0.0,2.0,110.225006,0.0,0.0,0.0,0.0,0.0,0.0,0.0,0.0,0.0,true
May 21 2024 10:25:28:621 AM,37602.730469,-49438.5,4911.859863,-3.0,0.0,2.0,110.225006,0.0,0.0,0.0,0.0,0.0,0.0,0.0,0.0,0.0,true
May 21 2024 10:25:28:622 AM,37602.730469,-49438.5,4911.859863,-3.0,0.0,2.0,110.225006,0.0,0.0,0.0,0.0,0.0,0.0,0.0,0.0,0.0,true
May 21 2024 10:25:28:623 AM,37602.730469,-49438.5,4911.859863,-3.0,0.0,2.0,110.225006,0.0,0.0,0.0,0.0,0.0,0.0,0.0,0.0,0.0,true
May 21 2024 10:25:28:624 AM,37602.730469,-49438.5,4911.859863,-3.0,0.0,2.0,110.225006,0.0,0.0,0.0,0.0,0.0,0.0,0.0,0.0,0.0,true
May 21 2024 10:25:28:956 AM,37602.730469,-49438.5,4911.859863,-3.0,0.0,2.0,110.225006,0.0,0.0,0.0,0.0,0.0,0.0,0.0,0.0,0.0,true
May 21 2024 10:25:28:958 AM,37602.730469,-49438.5,4911.859863,-3.0,0.0,2.0,110.225006,0.0,0.0,0.0,0.0,0.0,0.0,0.0,0.0,0.0,true
May 21 2024 10:25:28:958 AM,37602.730469,-49438.5,4911.859863,-3.0,0.0,2.0,110.225006,0.0,0.0,0.0,0.0,0.0,0.0,0.0,0.0,0.0,true
May 21 2024 10:25:29:291 AM,37602.730469,-49438.5,4911.859863,-3.0,0.0,2.0,110.225006,0.0,0.0,0.0,0.0,0.0,0.0,0.0,0.0,0.0,true
May 21 2024 10:25:29:291 AM,37602.730469,-49438.5,4911.859863,-3.0,0.0,2.0,110.225006,0.0,0.0,0.0,0.0,0.0,0.0,0.0,0.0,0.0,true
May 21 2024 10:25:29:292 AM,37602.730469,-49438.5,4911.859863,-3.0,0.0,2.0,110.225006,0.0,0.0,0.0,0.0,0.0,0.0,0.0,0.0,0.0,true
May 21 2024 10:25:29:617 AM,37602.730469,-49438.5,4911.859863,-3.0,0.0,2.0,110.225006,0.0,0.0,0.0,0.0,0.0,0.0,0.0,0.0,0.0,true
May 21 2024 10:25:29:618 AM,37602.730469,-49438.5,4911.859863,-3.0,0.0,2.0,110.225006,0.0,0.0,0.0,0.0,0.0,0.0,0.0,0.0,0.0,true
May 21 2024 10:25:29:618 AM,37602.730469,-49438.5,4911.859863,-3.0,0.0,2.0,110.225006,0.0,0.0,0.0,0.0,0.0,0.0,0.0,0.0,0.0,true
May 21 2024 10:25:29:619 AM,37602.730469,-49438.5,4911.859863,-3.0,0.0,2.0,110.225006,0.0,0.0,0.0,0.0,0.0,0.0,0.0,0.0,0.0,true
May 21 2024 10:25:29:699 AM,37602.730469,-49438.5,4911.859863,-3.0,0.0,2.0,110.225006,0.0,0.0,0.0,0.0,0.0,0.0,0.0,0.0,0.0,true
May 21 2024 10:25:29:803 AM,37602.730469,-49438.5,4911.859863,-3.0,0.0,2.0,110.225006,0.0,0.0,0.0,0.0,0.0,0.0,0.0,0.0,0.0,true
May 21 2024 10:25:29:903 AM,37602.730469,-49438.5,4911.859863,-3.0,0.0,2.0,110.225006,0.0,0.0,0.0,0.0,0.0,0.0,0.0,0.0,0.0,true
May 21 2024 10:25:30:13 AM,37602.730469,-49438.5,4911.859863,-3.0,0.0,2.0,110.225006,0.0,0.0,0.0,0.0,0.0,0.0,0.0,0.0,0.0,true
May 21 2024 10:25:30:102 AM,37602.730469,-49438.5,4911.859863,-3.0,0.0,2.0,110.225006,0.0,0.0,0.0,0.0,0.0,0.0,0.0,0.0,0.0,true
May 21 2024 10:25:30:205 AM,37602.730469,-49438.5,4911.859863,-3.0,0.0,2.0,110.225006,0.0,0.0,0.0,0.0,0.0,0.0,0.0,0.0,0.0,true
May 21 2024 10:25:30:320 AM,37602.730469,-49438.5,4911.859863,-3.0,0.0,2.0,110.225006,0.0,0.0,0.0,0.0,0.0,0.0,0.0,0.0,0.0,true
May 21 2024 10:25:30:410 AM,37602.730469,-49438.5,4911.859863,-3.0,0.0,2.0,110.225006,0.0,0.0,0.0,0.0,0.0,0.0,0.0,0.0,0.0,true
May 21 2024 10:25:30:508 AM,37602.730469,-49438.5,4911.859863,-3.0,0.0,2.0,110.225006,0.0,0.0,0.0,0.0,0.0,0.0,0.0,0.0,0.0,true
May 21 2024 10:25:30:607 AM,37602.730469,-49438.5,4911.859863,-3.0,0.0,2.0,110.225006,0.0,0.0,0.0,0.0,0.0,0.0,0.0,0.0,0.0,true
May 21 2024 10:25:30:815 AM,37602.71875,-49438.507812,4911.830078,-3.0,0.0,2.0,110.251007,0.019,0.07,-0.309,0.0,1.0,-3.0,0.02,0.0,0.0,true
May 21 2024 10:25:30:920 AM,37602.71875,-49438.558594,4911.859863,-3.0,0.0,2.0,110.282005,0.064,-0.312,0.329,0.0,-4.0,6.0,0.02,0.0,0.0,true
May 21 2024 10:25:30:989 AM,37602.71875,-49438.589844,4911.899902,-3.0,0.0,2.0,110.318008,0.049,-0.173,0.425,0.0,1.0,1.0,0.02,0.0,0.0,true
May 21 2024 10:25:31:83 AM,37602.71875,-49438.578125,4911.949707,-3.0,0.0,2.0,110.364006,0.049,-0.06,0.491,0.0,1.0,1.0,0.02,0.0,0.0,true
May 21 2024 10:25:31:185 AM,37602.71875,-49438.578125,4911.97998,-3.0,0.0,2.0,110.398003,0.02,-0.03,0.082,0.0,0.0,-4.0,0.02,0.0,0.0,true
May 21 2024 10:25:31:284 AM,37602.71875,-49438.578125,4912.0,-3.0,0.0,2.0,110.417007,0.031,-0.063,0.26,0.0,0.0,2.0,0.02,0.0,0.0,true
May 21 2024 10:25:31:385 AM,37602.71875,-49438.570312,4912.02002,-3.0,0.0,2.0,110.438004,0.026,-0.067,0.251,0.0,0.0,0.0,0.02,0.0,0.0,true
May 21 2024 10:25:31:482 AM,37602.71875,-49438.558594,4912.040039,-3.0,0.0,2.0,110.455002,0.025,-0.085,0.133,0.0,0.0,-1.0,0.02,0.0,0.0,true
May 21 2024 10:25:31:586 AM,37602.71875,-49438.558594,4912.049805,-3.0,0.0,2.0,110.463005,0.0,0.0,0.0,0.0,1.0,-1.0,0.02,0.0,0.0,true
May 21 2024 10:25:31:686 AM,37602.71875,-49438.558594,4912.049805,-3.0,0.0,2.0,110.471008,0.022,-0.046,0.147,0.0,0.0,1.0,0.02,0.0,0.0,true
May 21 2024 10:25:31:780 AM,37602.71875,-49438.550781,4912.060059,-3.0,0.0,2.0,110.481003,0.029,-0.056,0.111,0.0,0.0,0.0,0.02,0.0,0.0,true
May 21 2024 10:25:31:888 AM,37602.71875,-49438.539062,4912.060059,-3.0,0.0,2.0,110.481003,0.003,-0.089,-0.334,0.0,0.0,-4.0,0.02,0.0,0.0,true
May 21 2024 10:25:31:984 AM,37602.71875,-49438.539062,4912.069824,-3.0,0.0,2.0,110.485008,0.016,-0.051,0.069,0.0,0.0,4.0,0.02,0.0,0.0,true
May 21 2024 10:25:32:84 AM,37602.71875,-49438.539062,4912.069824,-3.0,0.0,2.0,110.489006,0.018,-0.035,-0.044,0.0,0.0,-1.0,0.02,0.0,0.0,true
May 21 2024 10:25:32:184 AM,37602.71875,-49438.539062,4912.080078,-3.0,0.0,2.0,110.496002,0.027,-0.068,0.068,0.0,0.0,1.0,0.02,0.0,0.0,true
May 21 2024 10:25:32:283 AM,37602.71875,-49438.527344,4912.080078,-3.0,0.0,2.0,110.500008,0.017,-0.04,0.032,0.0,0.0,0.0,0.02,1.0,0.0,true
May 21 2024 10:25:32:382 AM,37602.730469,-49438.539062,4912.080078,-3.0,0.0,2.0,110.501007,0.169,-0.019,0.025,2.0,0.0,0.0,-0.98,0.0,0.0,true
May 21 2024 10:25:32:490 AM,37602.71875,-49438.550781,4912.069824,-3.0,0.0,2.0,110.514008,0.023,0.027,-0.111,-1.0,0.0,-1.0,-0.98,0.0,0.0,true
May 21 2024 10:25:32:582 AM,37602.730469,-49438.558594,4912.060059,-3.0,0.0,2.0,110.526009,0.007,0.035,-0.211,0.0,0.0,-1.0,0.02,0.0,0.0,true
May 21 2024 10:25:32:687 AM,37602.730469,-49438.578125,4912.049805,-3.0,0.0,2.0,110.530006,0.005,-0.136,-0.036,0.0,-2.0,2.0,0.02,0.0,0.0,true
May 21 2024 10:25:32:786 AM,37602.730469,-49438.609375,4912.049805,-3.0,0.0,2.0,110.536003,0.0,0.0,0.0,0.0,1.0,0.0,0.02,0.0,0.0,true
May 21 2024 10:25:32:880 AM,37602.71875,-49438.660156,4912.049805,-3.0,0.0,2.0,110.538002,0.024,-0.304,0.024,0.0,-3.0,0.0,0.02,0.0,0.0,true
May 21 2024 10:25:32:988 AM,37602.71875,-49438.699219,4912.040039,-3.0,0.0,2.0,110.548004,0.011,-0.362,-0.065,0.0,-1.0,-1.0,0.02,0.0,0.0,true
May 21 2024 10:25:33:88 AM,37602.71875,-49438.738281,4912.040039,-3.0,0.0,2.0,110.552002,0.023,-0.447,0.095,0.0,-1.0,2.0,0.02,0.0,0.0,true
May 21 2024 10:25:33:181 AM,37602.730469,-49438.769531,4912.029785,-3.0,0.0,2.0,110.560005,0.018,-0.409,-0.013,0.0,0.0,-1.0,0.02,0.0,0.0,true
May 21 2024 10:25:33:290 AM,37602.71875,-49438.820312,4912.029785,-3.0,0.0,2.0,110.562004,0.031,-0.331,-0.002,0.0,1.0,0.0,0.02,0.0,0.0,true
May 21 2024 10:25:33:388 AM,37602.71875,-49438.847656,4912.029785,-3.0,0.0,2.0,110.563004,-0.001,-0.281,-0.192,0.0,1.0,-2.0,0.02,0.0,0.0,true
May 21 2024 10:25:33:493 AM,37602.71875,-49438.847656,4912.029785,-3.0,0.0,2.0,110.566002,-0.014,-0.161,-0.339,0.0,1.0,-1.0,0.02,0.0,0.0,true
May 21 2024 10:25:33:581 AM,37602.730469,-49438.839844,4912.029785,-3.0,0.0,2.0,110.569008,-0.002,-0.102,-0.08,0.0,1.0,3.0,0.02,0.0,0.0,true
May 21 2024 10:25:33:682 AM,37602.730469,-49438.839844,4912.040039,-3.0,0.0,2.0,110.580002,0.031,-0.046,0.176,0.0,1.0,3.0,0.02,0.0,0.0,true
May 21 2024 10:25:33:788 AM,37602.730469,-49438.828125,4912.040039,-3.0,0.0,2.0,110.581009,0.012,-0.065,-0.017,0.0,0.0,-2.0,0.02,0.0,0.0,true
May 21 2024 10:25:33:888 AM,37602.730469,-49438.828125,4912.060059,-3.0,0.0,2.0,110.594002,0.013,-0.049,0.119,0.0,0.0,1.0,0.02,0.0,0.0,true
May 21 2024 10:25:33:988 AM,37602.730469,-49438.820312,4912.060059,-3.0,0.0,2.0,110.597008,0.016,-0.078,-0.132,0.0,0.0,-3.0,0.02,0.0,0.0,true
May 21 2024 10:25:34:80 AM,37602.730469,-49438.820312,4912.080078,-3.0,0.0,2.0,110.614006,0.015,-0.016,0.281,0.0,1.0,4.0,0.02,0.0,0.0,true
May 21 2024 10:25:34:181 AM,37602.730469,-49438.820312,4912.080078,-3.0,0.0,2.0,110.622002,0.017,-0.044,0.126,0.0,0.0,-2.0,0.02,0.0,0.0,true
May 21 2024 10:25:34:285 AM,37602.730469,-49438.808594,4912.080078,-3.0,0.0,2.0,110.626007,0.004,-0.063,-0.065,0.0,0.0,-2.0,0.02,0.0,0.0,true
May 21 2024 10:25:34:380 AM,37602.730469,-49438.808594,4912.080078,-3.0,0.0,2.0,110.627007,0.021,-0.036,0.013,0.0,0.0,1.0,0.02,0.0,0.0,true
May 21 2024 10:25:34:487 AM,37602.730469,-49438.808594,4912.080078,-3.0,0.0,2.0,110.631004,0.01,-0.029,-0.06,0.0,0.0,-1.0,0.02,0.0,0.0,true
May 21 2024 10:25:34:590 AM,37602.730469,-49438.808594,4912.069824,-3.0,0.0,2.0,110.639008,0.01,-0.048,0.091,0.0,0.0,2.0,0.02,0.0,0.0,true
May 21 2024 10:25:34:689 AM,37602.730469,-49438.800781,4912.080078,-3.0,0.0,2.0,110.644005,0.016,-0.023,0.083,0.0,0.0,0.0,0.02,1.0,0.0,true
May 21 2024 10:25:34:781 AM,37602.929688,-49438.828125,4912.069824,-3.0,0.0,2.0,110.657005,4.292,-0.36,-0.368,43.0,-3.0,-5.0,-0.98,1.0,0.0,true
May 21 2024 10:25:34:881 AM,37604.179688,-49438.949219,4912.009766,-3.0,0.0,2.0,110.710007,20.579,-1.371,-1.289,163.0,-10.0,-9.0,-0.98,1.0,0.0,true
May 21 2024 10:25:34:984 AM,37608.160156,-49439.628906,4911.830078,-3.0,-1.0,3.0,110.894005,49.252003,-7.635,-3.337,287.0,-63.0,-20.0,-0.98,1.0,0.0,true
May 21 2024 10:25:35:79 AM,37615.679688,-49441.820312,4911.459961,-2.0,-2.0,3.0,111.266006,92.779007,-21.254002,-6.178,435.0,-136.0,-28.0,-0.98,1.0,0.0,true
May 21 2024 10:25:35:185 AM,37628.0,-49446.507812,4910.77002,-2.0,-4.0,4.0,111.950005,131.445007,-41.820004,-7.469,387.0,-206.0,-13.0,-0.98,1.0,0.0,true
May 21 2024 10:25:35:286 AM,37643.109375,-49452.957031,4910.159668,-2.0,-6.0,4.0,112.565002,164.189011,-63.825005,-6.758,327.0,-220.0,7.0,-0.98,1.0,0.0,true
May 21 2024 10:25:35:389 AM,37661.679688,-49462.007812,4909.529785,-2.0,-10.0,4.0,113.195007,194.295013,-88.596001,-6.797,301.0,-248.0,0.0,-0.98,1.0,0.0,true
May 21 2024 10:25:35:484 AM,37681.277344,-49472.9375,4908.959961,-1.0,-13.0,5.0,113.767006,218.76001,-115.250008,-6.791,245.0,-267.0,0.0,-0.98,1.0,0.0,true
May 21 2024 10:25:35:585 AM,37704.019531,-49487.488281,4908.429688,-1.0,-17.0,5.0,114.298004,239.916016,-148.511002,-5.718,212.0,-333.0,11.0,-0.98,0.0,0.0,true
May 21 2024 10:25:35:691 AM,37728.929688,-49506.230469,4907.75,-1.0,-22.0,5.0,114.973007,246.080017,-181.810013,-7.459001,62.0,-333.0,-17.0,-0.98,0.0,0.0,true
May 21 2024 10:25:35:790 AM,37751.609375,-49526.328125,4907.069824,-1.0,-27.0,6.0,115.649002,231.882004,-203.586014,-6.242,-142.0,-218.0,12.0,-0.98,0.0,0.0,true
May 21 2024 10:25:35:888 AM,37771.488281,-49546.96875,4906.560059,-1.0,-32.0,6.0,116.168007,208.883011,-216.852005,-4.482,-230.0,-133.0,18.0,-0.98,0.0,0.0,true
May 21 2024 10:25:35:987 AM,37789.890625,-49569.148438,4906.22998,-1.0,-36.0,5.0,116.491005,181.560013,-224.028015,0.252,-273.0,-72.0,47.0,-0.98,0.0,0.0,true
May 21 2024 10:25:36:83 AM,37805.871094,-49590.597656,4906.25,-1.0,-40.0,5.0,116.506004,167.646011,-223.511017,-0.226,-139.0,5.0,-5.0,0.02,0.0,0.0,true
May 21 2024 10:25:36:190 AM,37824.628906,-49612.109375,4905.939941,-1.0,-42.0,4.0,116.814003,175.932007,-201.129013,-3.555,83.0,224.0,-33.0,0.02,1.0,0.0,true
May 21 2024 10:25:36:281 AM,37841.910156,-49628.167969,4905.359863,-1.0,-42.0,3.0,117.393005,183.129013,-179.961014,-6.032,72.0,212.0,-25.0,0.02,1.0,0.0,true
May 21 2024 10:25:36:388 AM,37863.277344,-49646.0,4904.569824,-1.0,-42.0,3.0,118.185005,202.456009,-168.922012,-7.594,193.0,110.0,-16.0,1.02,1.0,0.0,true
May 21 2024 10:25:36:491 AM,37886.910156,-49661.988281,4903.669922,-1.0,-40.0,2.0,119.078003,233.448013,-159.016006,-9.413,310.0,99.0,-18.0,1.02,1.0,0.0,true
May 21 2024 10:25:36:588 AM,37912.429688,-49675.597656,4902.719727,-1.0,-37.0,1.0,120.035004,267.943024,-148.444,-10.531,345.0,106.0,-11.0,0.02,1.0,0.0,true
May 21 2024 10:25:36:680 AM,37939.25,-49690.519531,4901.72998,-1.0,-35.0,1.0,121.020004,293.740021,-172.777008,-11.013,258.0,-243.0,-5.0,0.02,1.0,0.0,true
May 21 2024 10:25:36:789 AM,37972.230469,-49712.308594,4900.609863,-1.0,-35.0,2.0,122.147003,316.266022,-206.981003,-11.099001,225.0,-342.0,-1.0,0.02,1.0,0.0,true
May 21 2024 10:25:36:888 AM,38005.320312,-49734.527344,4899.5,-1.0,-35.0,2.0,123.254005,342.882019,-230.404007,-11.515,266.0,-234.0,-4.0,0.02,1.0,0.0,true
May 21 2024 10:25:36:987 AM,38040.507812,-49758.128906,4898.370117,-1.0,-34.0,2.0,124.387009,370.482025,-251.042007,-12.011001,276.0,-206.0,-5.0,0.02,1.0,0.0,true
May 21 2024 10:25:37:88 AM,38080.289062,-49784.738281,4897.100098,-1.0,-34.0,2.0,125.655006,399.988007,-271.313019,-12.667001,295.0,-203.0,-7.0,0.02,1.0,0.0,true
May 21 2024 10:25:37:188 AM,38121.558594,-49812.359375,4895.699707,0.0,-34.0,2.0,127.051003,429.656006,-288.920013,-15.053,297.0,-176.0,-24.0,0.02,1.0,0.0,true
May 21 2024 10:25:37:288 AM,38166.757812,-49842.4375,4894.089844,0.0,-34.0,2.0,128.661011,459.774017,-306.287018,-16.622002,301.0,-174.0,-16.0,0.02,1.0,0.0,true
May 21 2024 10:25:37:387 AM,38214.0,-49873.617188,4892.429688,0.0,-34.0,2.0,130.325012,489.39502,-322.215027,-17.249001,296.0,-159.0,-6.0,1.02,1.0,0.0,true
May 21 2024 10:25:37:479 AM,38261.398438,-49902.199219,4890.779785,0.0,-33.0,1.0,131.972,517.801025,-310.34903,-17.629002,284.0,119.0,-4.0,1.02,1.0,0.0,true
May 21 2024 10:25:37:589 AM,38320.328125,-49930.617188,4888.72998,-1.0,-29.0,0.0,134.025009,538.375,-254.728012,-18.097,206.0,556.0,-5.0,1.02,1.0,0.0,true
May 21 2024 10:25:37:689 AM,38375.859375,-49948.949219,4886.870117,-1.0,-24.0,-2.0,135.879013,553.492004,-179.083008,-14.658001,151.0,756.0,34.0,1.02,1.0,0.0,true
May 21 2024 10:25:37:785 AM,38429.148438,-49958.019531,4885.709961,-2.0,-17.0,-3.0,137.042007,557.161011,-82.023003,-10.621,37.0,971.0,40.0,1.02,1.0,0.0,true
May 21 2024 10:25:37:879 AM,38481.988281,-49960.117188,4884.649902,-2.0,-10.0,-3.0,138.102005,564.787048,-18.801001,-15.119,76.0,632.0,-45.0,0.02,1.0,0.0,true
May 21 2024 10:25:37:979 AM,38539.429688,-49961.199219,4882.739746,-1.0,-6.0,-3.0,140.012009,587.342041,-10.463,-20.658001,226.0,83.0,-55.0,0.02,1.0,0.0,true
May 21 2024 10:25:38:79 AM,38601.597656,-49965.058594,4880.629883,-1.0,-4.0,-1.0,142.125,637.600037,-27.606001,-21.615002,503.0,-171.0,-10.0,0.02,1.0,0.0,true
May 21 2024 10:25:38:181 AM,38669.148438,-49969.449219,4878.489746,-1.0,-4.0,-1.0,144.268005,681.252014,-35.310001,-21.444,437.0,-77.0,2.0,0.02,1.0,0.0,true
May 21 2024 10:25:38:285 AM,38743.058594,-49974.089844,4876.299805,0.0,-4.0,0.0,146.457001,721.112061,-39.665001,-21.156,399.0,-44.0,3.0,0.02,1.0,0.0,true
May 21 2024 10:25:38:387 AM,38819.148438,-49978.640625,4874.189941,0.0,-4.0,0.0,148.560013,756.539062,-41.522003,-20.580002,354.0,-19.0,6.0,0.02,1.0,0.0,true
May 21 2024 10:25:38:488 AM,38897.289062,-49983.367188,4872.209961,0.0,-4.0,0.0,150.541,788.21106,-48.798004,-19.464001,317.0,-73.0,11.0,-0.98,1.0,0.0,true
May 21 2024 10:25:38:585 AM,38974.609375,-49992.019531,4870.409668,0.0,-5.0,1.0,152.345001,808.242065,-90.675003,-18.418001,200.0,-419.0,10.0,-0.98,1.0,0.0,true
May 21 2024 10:25:38:684 AM,39054.359375,-50006.507812,4868.75,0.0,-9.0,2.0,154.006012,825.799011,-138.751007,-16.847,176.0,-481.0,16.0,0.02,1.0,0.0,true
May 21 2024 10:25:38:784 AM,39138.800781,-50020.6875,4867.109863,0.0,-10.0,2.0,155.645004,853.910034,-146.633011,-15.885001,281.0,-79.0,10.0,0.02,1.0,0.0,true
May 21 2024 10:25:38:885 AM,39226.917969,-50035.488281,4865.580078,0.0,-10.0,2.0,157.174011,881.764038,-153.761002,-14.383,279.0,-71.0,15.0,0.02,1.0,0.0,true
May 21 2024 10:25:38:984 AM,39316.039062,-50050.199219,4864.189941,0.0,-10.0,1.0,158.558014,909.598022,-152.658005,-13.628,278.0,11.0,8.0,1.02,1.0,0.0,true
May 21 2024 10:25:39:84 AM,39409.558594,-50061.390625,4862.889648,0.0,-8.0,0.0,159.865005,937.080017,-112.615005,-12.070001,275.0,400.0,16.0,0.02,1.0,0.0,true
May 21 2024 10:25:39:185 AM,39505.949219,-50071.277344,4861.810059,1.0,-6.0,0.0,160.943008,965.426025,-103.899002,-9.838,283.0,87.0,22.0,0.02,1.0,0.0,true
May 21 2024 10:25:39:288 AM,39607.527344,-50081.050781,4860.959961,1.0,-5.0,0.0,161.797012,993.660034,-93.324005,-7.474,282.0,106.0,24.0,0.02,1.0,0.0,true
May 21 2024 10:25:39:379 AM,39699.078125,-50088.808594,4860.459961,1.0,-5.0,0.0,162.298004,1017.636047,-81.434006,-5.185,240.0,119.0,23.0,1.02,1.0,0.0,true
May 21 2024 10:25:39:483 AM,39806.339844,-50093.648438,4860.199707,1.0,-3.0,-1.0,162.550003,1042.467041,-49.978001,-1.153,248.0,315.0,40.0,0.02,1.0,0.0,true
May 21 2024 10:25:39:582 AM,39911.109375,-50097.910156,4860.27002,1.0,-2.0,-1.0,162.616013,1067.666992,-39.355003,1.725,252.0,106.0,29.0,0.02,1.0,0.0,true
May 21 2024 10:25:39:683 AM,40021.078125,-50099.660156,4860.629883,1.0,-1.0,-1.0,162.972,1090.612061,-6.946,3.948,229.0,324.0,22.0,1.02,1.0,0.0,true
May 21 2024 10:25:39:785 AM,40132.480469,-50094.507812,4861.689941,1.0,3.0,-2.0,164.039001,1104.56311,61.705002,12.490001,140.0,687.0,85.0,0.02,1.0,0.0,false
May 21 2024 10:25:39:888 AM,40247.519531,-50086.199219,4862.560059,1.0,5.0,-2.0,164.908005,1128.184082,86.116005,6.616,236.0,244.0,-59.0,0.02,1.0,0.0,false
May 21 2024 10:25:39:980 AM,40352.628906,-50076.539062,4863.169922,1.0,6.0,-2.0,165.522003,1146.940063,115.110008,6.416,188.0,290.0,-2.0,1.02,1.0,0.0,false
May 21 2024 10:25:40:88 AM,40476.410156,-50058.667969,4864.399902,1.0,9.0,-3.0,166.746002,1152.692017,189.193008,17.456001,58.0,741.0,110.0,1.02,1.0,0.0,false
May 21 2024 10:25:40:190 AM,40593.847656,-50035.46875,4865.649902,1.0,12.0,-3.0,167.991013,1167.692017,232.464005,9.743,150.0,433.0,-77.0,0.02,1.0,0.0,true
May 21 2024 10:25:40:286 AM,40706.378906,-50011.320312,4866.569824,1.0,13.0,-3.0,168.912003,1183.328003,264.537018,9.248,156.0,321.0,-5.0,0.02,1.0,0.0,true
May 21 2024 10:25:40:387 AM,40826.519531,-49981.457031,4867.899902,1.0,15.0,-3.0,170.250015,1188.963013,320.518005,16.342001,56.0,560.0,71.0,1.02,1.0,0.0,false
May 21 2024 10:25:40:488 AM,40945.019531,-49943.660156,4869.529785,1.0,18.0,-3.0,171.881012,1171.30603,381.212006,14.009001,-177.0,607.0,-23.0,0.02,1.0,0.0,false
May 21 2024 10:25:40:589 AM,41062.027344,-49903.890625,4870.679688,1.0,20.0,-3.0,173.028015,1158.992065,407.923004,11.022,-123.0,267.0,-30.0,0.02,1.0,0.0,false
May 21 2024 10:25:40:710 AM,41200.539062,-49852.917969,4872.0,1.0,21.0,-3.0,174.347015,1144.412109,436.430023,11.272,-146.0,285.0,2.0,0.02,1.0,0.0,true
May 21 2024 10:25:40:781 AM,41281.070312,-49821.929688,4872.819824,1.0,22.0,-3.0,175.166016,1137.792114,447.562012,12.385,-66.0,111.0,11.0,0.02,1.0,0.0,false
May 21 2024 10:25:40:887 AM,41401.667969,-49773.75,4874.129883,1.0,22.0,-2.0,176.474014,1126.883057,465.225037,12.427001,-109.0,177.0,0.0,1.02,1.0,0.0,true
May 21 2024 10:25:40:987 AM,41512.898438,-49722.730469,4875.439941,1.0,25.0,-3.0,177.784012,1105.376099,522.215027,12.447001,-215.0,570.0,0.0,1.02,1.0,0.0,false
May 21 2024 10:25:41:82 AM,41613.367188,-49666.949219,4877.379883,1.0,30.0,-4.0,179.730011,1057.410034,613.664001,23.926001,-480.0,914.0,115.0,1.02,1.0,0.0,true
May 21 2024 10:25:41:189 AM,41718.617188,-49592.148438,4880.489746,1.0,39.0,-5.0,182.833008,963.369019,726.155029,31.057001,-940.0,1125.0,71.0,1.02,1.0,0.0,false
May 21 2024 10:25:41:285 AM,41801.6875,-49514.847656,4883.290039,1.0,48.0,-6.0,185.631012,840.311035,824.155029,23.426001,-1231.0,980.0,-76.0,1.02,1.0,0.0,false
May 21 2024 10:25:41:388 AM,41875.847656,-49423.4375,4887.080078,2.0,59.0,-6.0,189.425003,669.055054,916.478027,36.305,-1713.0,923.0,129.0,1.02,1.0,0.0,false
May 21 2024 10:25:41:486 AM,41929.378906,-49328.238281,4890.939941,3.0,69.0,-7.0,193.284012,498.142029,981.592041,34.319,-1709.0,651.0,-20.0,0.02,1.0,0.0,false
May 21 2024 10:25:41:585 AM,41970.449219,-49229.359375,4895.080078,3.0,77.0,-6.0,197.427002,373.302032,1024.127075,31.701002,-1248.0,425.0,-26.0,0.02,1.0,0.0,false
May 21 2024 10:25:41:684 AM,42002.699219,-49128.800781,4897.049805,2.0,82.0,-4.0,199.400009,276.13501,1056.718994,8.307,-972.0,326.0,-234.0,0.02,1.0,0.0,false
May 21 2024 10:25:41:788 AM,42027.558594,-49018.238281,4898.319824,1.0,84.0,-3.0,200.662003,180.200012,1099.727051,6.584,-959.0,430.0,-17.0,1.02,1.0,0.0,false
May 21 2024 10:25:41:889 AM,42039.789062,-48905.019531,4899.290039,1.0,86.0,-3.0,201.641006,90.180008,1130.645996,7.873,-900.0,309.0,13.0,0.02,1.0,0.0,false
May 21 2024 10:25:41:982 AM,42046.648438,-48799.058594,4899.839844,1.0,88.0,-2.0,202.182007,58.215004,1155.425049,6.117,-320.0,248.0,-18.0,0.02,1.0,0.0,false
May 21 2024 10:25:42:82 AM,42054.597656,-48681.769531,4900.569824,1.0,87.0,-2.0,202.921005,76.147003,1172.608032,9.360001,179.0,172.0,32.0,-0.98,1.0,0.0,false
May 21 2024 10:25:42:184 AM,42069.367188,-48561.917969,4901.509766,1.0,83.0,0.0,203.860016,131.904999,1180.723022,10.707001,558.0,81.0,13.0,0.02,1.0,0.0,false
May 21 2024 10:25:42:283 AM,42084.25,-48444.347656,4902.669922,1.0,81.0,0.0,205.011017,145.463013,1198.263062,11.995001,136.0,175.0,13.0,1.02,1.0,0.0,false
May 21 2024 10:25:42:387 AM,42095.890625,-48318.859375,4903.419922,1.0,83.0,0.0,205.764008,103.312004,1214.819092,5.306,-422.0,166.0,-67.0,1.02,1.0,0.0,true
May 21 2024 10:25:42:484 AM,42097.027344,-48201.007812,4903.779785,1.0,89.0,-2.0,206.131012,7.295001,1218.022095,2.397,-960.0,32.0,-29.0,1.02,1.0,0.0,true
May 21 2024 10:25:42:582 AM,42086.289062,-48084.457031,4905.040039,0.0,98.0,-3.0,207.387009,-136.726013,1187.038086,23.352001,-1440.0,-310.0,210.0,1.02,1.0,0.0,true
May 21 2024 10:25:42:681 AM,42061.5,-47972.578125,4906.929688,0.0,108.0,-4.0,209.278015,-279.570007,1151.379028,10.735001,-1428.0,-357.0,-126.0,0.02,1.0,0.0,true
May 21 2024 10:25:42:779 AM,42025.648438,-47862.070312,4907.47998,0.0,116.0,-5.0,209.828003,-389.327026,1129.19104,-5.762,-1098.0,-222.0,-165.0,0.02,1.0,0.0,true
May 21 2024 10:25:42:889 AM,41975.230469,-47741.320312,4907.27002,0.0,121.0,-5.0,210.040009,-506.920013,1093.99707,-7.778,-1176.0,-352.0,-20.0,0.02,1.0,0.0,true
May 21 2024 10:25:42:987 AM,41920.679688,-47635.757812,4906.529785,0.0,122.0,-5.0,210.775009,-592.595032,1068.01001,-12.443001,-857.0,-260.0,-47.0,0.02,1.0,0.0,false
May 21 2024 10:25:43:83 AM,41861.917969,-47535.117188,4905.009766,0.0,123.0,-4.0,212.302017,-651.904053,1055.454102,-21.555,-593.0,-126.0,-91.0,0.02,1.0,0.0,false
May 21 2024 10:25:43:180 AM,41797.890625,-47430.238281,4902.549805,0.0,123.0,-3.0,214.76001,-677.111023,1063.762085,-23.743002,-252.0,83.0,-22.0,-0.98,1.0,0.0,false
May 21 2024 10:25:43:286 AM,41732.699219,-47312.417969,4900.069824,-1.0,119.0,0.0,217.240005,-631.271057,1103.659058,-22.196001,458.0,399.0,15.0,-0.98,1.0,0.0,false
May 21 2024 10:25:43:380 AM,41684.140625,-47203.96875,4898.22998,0.0,113.0,3.0,219.074005,-539.770996,1145.43103,-20.461,915.0,418.0,17.0,-0.98,1.0,0.0,false
May 21 2024 10:25:43:482 AM,41644.058594,-47083.0,4897.290039,0.0,105.0,7.0,220.018005,-391.926025,1176.987061,1.007,1478.0,316.0,215.0,-0.98,1.0,0.0,false
May 21 2024 10:25:43:592 AM,41616.738281,-46951.820312,4899.379883,1.0,94.0,8.0,222.105011,-212.19101,1200.116089,21.934002,1797.0,231.0,209.0,0.02,1.0,0.0,false
May 21 2024 10:25:43:680 AM,41605.328125,-46845.847656,4901.330078,2.0,88.0,9.0,224.062012,-106.344002,1218.908081,14.582001,1058.0,188.0,-74.0,0.02,1.0,0.0,false
May 21 2024 10:25:43:782 AM,41600.609375,-46721.988281,4903.069824,2.0,85.0,8.0,225.797012,-0.732,1233.087036,14.177001,1056.0,142.0,-4.0,0.02,1.0,0.0,false
May 21 2024 10:25:43:884 AM,41603.988281,-46595.777344,4904.109863,1.0,84.0,7.0,226.836014,74.487007,1247.943115,7.863,752.0,149.0,-63.0,0.02,1.0,0.0,false
May 21 2024 10:25:43:986 AM,41609.429688,-46467.957031,4904.469727,1.0,85.0,6.0,227.194016,78.140007,1265.07605,5.632,37.0,171.0,-22.0,1.02,1.0,0.0,false
May 21 2024 10:25:44:89 AM,41608.320312,-46336.5,4904.399902,1.0,90.0,3.0,227.263016,3.704,1272.278076,0.129,-744.0,72.0,-55.0,1.02,1.0,0.0,false
May 21 2024 10:25:44:186 AM,41595.359375,-46213.808594,4904.049805,1.0,97.0,-1.0,227.612015,-121.095009,1254.308105,-4.046,-1248.0,-180.0,-42.0,1.02,1.0,0.0,false
May 21 2024 10:25:44:280 AM,41571.628906,-46100.300781,4903.97998,0.0,106.0,-3.0,227.679016,-258.915009,1219.338013,8.751,-1378.0,-350.0,128.0,0.02,1.0,0.0,false
May 21 2024 10:25:44:385 AM,41534.75,-45976.347656,4904.779785,0.0,115.0,-4.0,228.481018,-379.028015,1196.973999,0.8,-1201.0,-224.0,-80.0,0.02,1.0,0.0,true
May 21 2024 10:25:44:479 AM,41493.648438,-45864.980469,4904.790039,0.0,118.0,-4.0,228.485016,-459.838013,1179.999023,-7.421,-808.0,-170.0,-82.0,-0.98,1.0,0.0,false
May 21 2024 10:25:44:587 AM,41442.6875,-45735.738281,4903.620117,0.0,115.0,-3.0,229.658005,-495.683014,1182.730103,-12.673,-358.0,27.0,-53.0,0.02,1.0,0.0,false
May 21 2024 10:25:44:679 AM,41396.429688,-45626.449219,4902.580078,0.0,113.0,-3.0,230.694016,-528.893005,1189.676025,-11.582001,-332.0,69.0,11.0,0.02,1.0,0.0,false
May 21 2024 10:25:44:785 AM,41340.847656,-45498.128906,4901.330078,0.0,113.0,-2.0,231.943008,-542.688049,1208.629028,-11.748,-138.0,190.0,-2.0,0.02,1.0,0.0,false
May 21 2024 10:25:44:882 AM,41289.320312,-45380.230469,4900.089844,0.0,113.0,-1.0,233.180008,-553.600037,1226.258057,-12.553,-109.0,176.0,-8.0,0.02,1.0,0.0,false
May 21 2024 10:25:44:990 AM,41231.578125,-45244.839844,4898.709961,0.0,113.0,1.0,234.562012,-540.855042,1253.607056,-13.043,127.0,273.0,-5.0,-0.98,1.0,0.0,false
May 21 2024 10:25:45:85 AM,41186.738281,-45122.359375,4897.649902,0.0,110.0,3.0,235.621017,-478.425018,1285.060059,-11.188001,624.0,315.0,19.0,-0.98,1.0,0.0,false
May 21 2024 10:25:45:179 AM,41152.148438,-44999.167969,4897.199707,1.0,104.0,5.0,236.071014,-372.313019,1311.419067,-5.62,1061.0,264.0,56.0,-0.98,1.0,0.0,false
May 21 2024 10:25:45:280 AM,41126.9375,-44867.390625,4898.850098,1.0,95.0,6.0,237.71701,-226.124008,1327.095093,19.732,1462.0,157.0,254.0,0.02,1.0,0.0,false
May 21 2024 10:25:45:381 AM,41113.128906,-44731.148438,4900.810059,1.0,88.0,7.0,239.683014,-113.914009,1349.513062,10.101001,1122.0,224.0,-96.0,0.02,1.0,0.0,false
May 21 2024 10:25:45:486 AM,41107.328125,-44589.539062,4901.919922,1.0,85.0,7.0,240.791016,-15.221001,1365.457031,6.735,987.0,159.0,-34.0,0.02,1.0,0.0,false
May 21 2024 10:25:45:587 AM,41109.769531,-44452.089844,4902.689941,1.0,84.0,6.0,241.560013,58.671001,1379.6521,2.558,739.0,142.0,-42.0,0.02,1.0,0.0,false
May 21 2024 10:25:45:688 AM,41116.558594,-44311.238281,4902.540039,1.0,85.0,6.0,241.709015,83.18,1396.175049,-2.406,245.0,165.0,-50.0,1.02,1.0,0.0,true
May 21 2024 10:25:45:779 AM,41118.0,-44183.140625,4902.049805,1.0,88.0,3.0,242.20401,32.621002,1405.398071,-2.605,-506.0,92.0,-2.0,1.02,1.0,0.0,true
May 21 2024 10:25:45:882 AM,41107.917969,-44038.929688,4901.580078,0.0,96.0,0.0,242.667007,-89.404007,1393.76001,-3.012,-1220.0,-116.0,-4.0,1.02,1.0,0.0,true
May 21 2024 10:25:45:982 AM,41083.449219,-43903.648438,4901.489746,0.0,105.0,-3.0,242.762009,-249.277008,1339.598022,4.119,-1599.0,-542.0,71.0,1.02,1.0,0.0,true
May 21 2024 10:25:46:83 AM,41044.597656,-43777.398438,4903.370117,0.0,116.0,-5.0,244.641006,-420.675018,1241.625,10.809001,-1714.0,-980.0,67.0,1.02,1.0,0.0,true
May 21 2024 10:25:46:190 AM,40986.570312,-43655.859375,4905.080078,0.0,129.0,-6.0,246.348007,-589.525024,1120.203003,0.517,-1688.0,-1214.0,-103.0,0.02,1.0,0.0,true
May 21 2024 10:25:46:282 AM,40925.097656,-43560.699219,4905.439941,0.0,138.0,-7.0,246.715012,-711.300049,1029.787109,-14.962001,-1218.0,-904.0,-155.0,0.02,1.0,0.0,true
May 21 2024 10:25:46:387 AM,40844.46875,-43460.847656,4904.469727,-1.0,144.0,-7.0,247.692017,-827.114014,928.248047,-26.634001,-1158.0,-1015.0,-117.0,0.02,1.0,0.0,true
May 21 2024 10:25:46:480 AM,40762.929688,-43378.929688,4902.540039,-1.0,147.0,-7.0,249.615005,-915.345032,840.508057,-32.563,-882.0,-877.0,-59.0,-0.98,1.0,0.0,false
May 21 2024 10:25:46:585 AM,40665.859375,-43292.308594,4898.919922,-1.0,145.0,-6.0,253.244019,-957.062073,797.853027,-44.109001,-417.0,-427.0,-115.0,-0.98,1.0,0.0,false
May 21 2024 10:25:46:683 AM,40576.847656,-43206.699219,4893.299805,-1.0,139.0,-2.0,258.860016,-931.121033,835.45105,-53.169003,259.0,376.0,-91.0,-0.98,1.0,0.0,false
May 21 2024 10:25:46:783 AM,40493.589844,-43112.367188,4889.009766,-1.0,130.0,3.0,263.14801,-849.495056,915.641052,-44.758003,816.0,802.0,84.0,-0.98,1.0,0.0,false
May 21 2024 10:25:46:882 AM,40421.1875,-43013.480469,4884.97998,0.0,122.0,7.0,267.175018,-751.142029,985.238037,-42.679001,984.0,696.0,21.0,-0.98,1.0,0.0,false
May 21 2024 10:25:46:983 AM,40354.398438,-42911.75,4884.259766,0.0,113.0,6.0,267.904022,-624.813049,1033.407104,-4.862,1263.0,482.0,378.0,-0.98,1.0,0.0,false
May 21 2024 10:25:47:80 AM,40300.367188,-42809.039062,4884.189941,1.0,104.0,6.0,267.969025,-515.65802,1068.888062,-1.522,1092.0,355.0,33.0,0.02,1.0,0.0,false
May 21 2024 10:25:47:185 AM,40255.179688,-42698.007812,4885.189941,0.0,91.0,5.0,268.972015,-393.619019,1089.12207,-4.269,1220.0,202.0,-27.0,0.02,1.0,0.0,false
May 21 2024 10:25:47:288 AM,40221.269531,-42586.828125,4885.75,0.0,79.0,4.0,269.527008,-310.212006,1108.374023,-6.511,834.0,193.0,-22.0,0.02,1.0,0.0,false
May 21 2024 10:25:47:386 AM,40199.238281,-42480.21875,4884.919922,1.0,66.0,6.0,270.356018,-230.684006,1107.981079,-21.577002,795.0,-4.0,-151.0,0.02,1.0,0.0,false
May 21 2024 10:25:47:489 AM,40184.367188,-42373.699219,4886.47998,1.0,50.0,7.0,271.914001,-129.281006,1051.243042,-12.944,1014.0,-567.0,86.0,0.02,1.0,0.0,false
May 21 2024 10:25:47:584 AM,40177.429688,-42281.71875,4887.939941,2.0,31.0,6.0,273.377014,-51.248001,968.827026,-15.409,780.0,-824.0,-25.0,0.02,1.0,0.0,false
May 21 2024 10:25:47:683 AM,40175.867188,-42198.820312,4888.850098,3.0,8.0,6.0,274.287018,3.832,845.216064,-12.982,551.0,-1236.0,24.0,0.02,1.0,0.0,false
May 21 2024 10:25:47:791 AM,40173.359375,-42122.007812,4887.659668,4.0,-18.0,6.0,275.482025,7.877,762.59906,-27.200001,40.0,-826.0,-142.0,0.02,1.0,0.0,false
May 21 2024 10:25:47:880 AM,40169.039062,-42059.648438,4888.080078,4.0,-36.0,5.0,275.904022,-0.674,644.02301,-8.763,-86.0,-1186.0,184.0,-0.98,1.0,0.0,false
May 21 2024 10:25:47:981 AM,40166.058594,-42004.460938,4890.589844,4.0,-48.0,4.0,278.416016,-19.093,485.31601,6.766,-184.0,-1587.0,155.0,-0.98,1.0,0.0,false
May 21 2024 10:25:48:84 AM,40158.097656,-41962.050781,4892.089844,3.0,-53.0,4.0,279.917999,-87.908005,353.46701,-1.741,-688.0,-1318.0,-85.0,-0.98,1.0,0.0,false
May 21 2024 10:25:48:187 AM,40148.109375,-41931.660156,4891.790039,3.0,-53.0,4.0,280.223999,-103.023003,249.711014,-13.35,-151.0,-1038.0,-116.0,-0.98,1.0,0.0,false
May 21 2024 10:25:48:283 AM,40140.488281,-41911.4375,4890.319824,3.0,-51.0,3.0,281.690002,-89.059006,163.093002,-18.960001,140.0,-866.0,-56.0,0.02,0.0,0.0,false
May 21 2024 10:25:48:387 AM,40131.777344,-41895.277344,4888.310059,3.0,-49.0,2.0,283.701019,-102.866005,132.240005,-18.901001,-138.0,-309.0,1.0,0.02,0.0,0.0,false
